/*
================================================================================
Contact Center Process Optimization — sample data
Dane syntetyczne. Nie zawierają danych produkcyjnych ani realnych danych klientów.
================================================================================
*/

SET NOCOUNT ON;
GO

INSERT INTO dbo.customers (customer_id, customer_name, segment, region, created_at, is_active) VALUES
    (1, N'Klient 0001', N'SME', N'Lubuskie', '2024-01-01T00:00:00', 1),
    (2, N'Klient 0002', N'B2C', N'Podkarpackie', '2024-01-01T00:00:00', 1),
    (3, N'Klient 0003', N'B2C', N'Opolskie', '2024-01-01T00:00:00', 1),
    (4, N'Klient 0004', N'B2C', N'Lubuskie', '2024-01-01T00:00:00', 1),
    (5, N'Klient 0005', N'SME', N'Lubelskie', '2024-01-01T00:00:00', 1),
    (6, N'Klient 0006', N'SME', N'Warmińsko-Mazurskie', '2024-01-01T00:00:00', 1),
    (7, N'Klient 0007', N'B2C', N'Dolnośląskie', '2024-01-01T00:00:00', 1),
    (8, N'Klient 0008', N'B2C', N'Mazowieckie', '2024-01-01T00:00:00', 1),
    (9, N'Klient 0009', N'B2C', N'Dolnośląskie', '2024-01-01T00:00:00', 1),
    (10, N'Klient 0010', N'SME', N'Mazowieckie', '2024-01-01T00:00:00', 1),
    (11, N'Klient 0011', N'SME', N'Warmińsko-Mazurskie', '2024-01-01T00:00:00', 1),
    (12, N'Klient 0012', N'B2C', N'Wielkopolskie', '2024-01-01T00:00:00', 1),
    (13, N'Klient 0013', N'SME', N'Podkarpackie', '2024-01-01T00:00:00', 1),
    (14, N'Klient 0014', N'B2C', N'Małopolskie', '2024-01-01T00:00:00', 1),
    (15, N'Klient 0015', N'SME', N'Warmińsko-Mazurskie', '2024-01-01T00:00:00', 1),
    (16, N'Klient 0016', N'B2C', N'Podkarpackie', '2024-01-01T00:00:00', 1),
    (17, N'Klient 0017', N'B2C', N'Mazowieckie', '2024-01-01T00:00:00', 1),
    (18, N'Klient 0018', N'Corporate', N'Pomorskie', '2024-01-01T00:00:00', 1),
    (19, N'Klient 0019', N'B2C', N'Lubelskie', '2024-01-01T00:00:00', 1),
    (20, N'Klient 0020', N'B2C', N'Lubuskie', '2024-01-01T00:00:00', 1),
    (21, N'Klient 0021', N'B2C', N'Śląskie', '2024-01-01T00:00:00', 1),
    (22, N'Klient 0022', N'SME', N'Podkarpackie', '2024-01-01T00:00:00', 1),
    (23, N'Klient 0023', N'B2C', N'Wielkopolskie', '2024-01-01T00:00:00', 1),
    (24, N'Klient 0024', N'B2C', N'Lubuskie', '2024-01-01T00:00:00', 1),
    (25, N'Klient 0025', N'B2C', N'Lubelskie', '2024-01-01T00:00:00', 1),
    (26, N'Klient 0026', N'SME', N'Podlaskie', '2024-01-01T00:00:00', 1),
    (27, N'Klient 0027', N'SME', N'Śląskie', '2024-01-01T00:00:00', 1),
    (28, N'Klient 0028', N'SME', N'Mazowieckie', '2024-01-01T00:00:00', 1),
    (29, N'Klient 0029', N'SME', N'Lubelskie', '2024-01-01T00:00:00', 1),
    (30, N'Klient 0030', N'B2C', N'Opolskie', '2024-01-01T00:00:00', 1),
    (31, N'Klient 0031', N'Corporate', N'Podlaskie', '2024-01-01T00:00:00', 1),
    (32, N'Klient 0032', N'B2C', N'Opolskie', '2024-01-01T00:00:00', 1),
    (33, N'Klient 0033', N'B2C', N'Świętokrzyskie', '2024-01-01T00:00:00', 1),
    (34, N'Klient 0034', N'B2C', N'Wielkopolskie', '2024-01-01T00:00:00', 1),
    (35, N'Klient 0035', N'SME', N'Śląskie', '2024-01-01T00:00:00', 1),
    (36, N'Klient 0036', N'B2C', N'Śląskie', '2024-01-01T00:00:00', 1),
    (37, N'Klient 0037', N'B2C', N'Mazowieckie', '2024-01-01T00:00:00', 1),
    (38, N'Klient 0038', N'SME', N'Podkarpackie', '2024-01-01T00:00:00', 1),
    (39, N'Klient 0039', N'SME', N'Lubelskie', '2024-01-01T00:00:00', 1),
    (40, N'Klient 0040', N'SME', N'Małopolskie', '2024-01-01T00:00:00', 1),
    (41, N'Klient 0041', N'B2C', N'Opolskie', '2024-01-01T00:00:00', 1),
    (42, N'Klient 0042', N'B2C', N'Wielkopolskie', '2024-01-01T00:00:00', 1),
    (43, N'Klient 0043', N'B2C', N'Podkarpackie', '2024-01-01T00:00:00', 1),
    (44, N'Klient 0044', N'SME', N'Opolskie', '2024-01-01T00:00:00', 1),
    (45, N'Klient 0045', N'SME', N'Pomorskie', '2024-01-01T00:00:00', 1),
    (46, N'Klient 0046', N'Corporate', N'Kujawsko-Pomorskie', '2024-01-01T00:00:00', 1),
    (47, N'Klient 0047', N'B2C', N'Kujawsko-Pomorskie', '2024-01-01T00:00:00', 1),
    (48, N'Klient 0048', N'B2C', N'Świętokrzyskie', '2024-01-01T00:00:00', 1),
    (49, N'Klient 0049', N'B2C', N'Lubelskie', '2024-01-01T00:00:00', 1),
    (50, N'Klient 0050', N'B2C', N'Pomorskie', '2024-01-01T00:00:00', 1),
    (51, N'Klient 0051', N'B2C', N'Zachodniopomorskie', '2024-01-01T00:00:00', 1),
    (52, N'Klient 0052', N'B2C', N'Wielkopolskie', '2024-01-01T00:00:00', 1),
    (53, N'Klient 0053', N'B2C', N'Podkarpackie', '2024-01-01T00:00:00', 1),
    (54, N'Klient 0054', N'B2C', N'Opolskie', '2024-01-01T00:00:00', 1),
    (55, N'Klient 0055', N'Corporate', N'Podkarpackie', '2024-01-01T00:00:00', 1),
    (56, N'Klient 0056', N'Corporate', N'Warmińsko-Mazurskie', '2024-01-01T00:00:00', 1),
    (57, N'Klient 0057', N'SME', N'Świętokrzyskie', '2024-01-01T00:00:00', 1),
    (58, N'Klient 0058', N'B2C', N'Opolskie', '2024-01-01T00:00:00', 1),
    (59, N'Klient 0059', N'B2C', N'Zachodniopomorskie', '2024-01-01T00:00:00', 1),
    (60, N'Klient 0060', N'B2C', N'Kujawsko-Pomorskie', '2024-01-01T00:00:00', 1),
    (61, N'Klient 0061', N'B2C', N'Łódzkie', '2024-01-01T00:00:00', 1),
    (62, N'Klient 0062', N'SME', N'Małopolskie', '2024-01-01T00:00:00', 1),
    (63, N'Klient 0063', N'SME', N'Warmińsko-Mazurskie', '2024-01-01T00:00:00', 1),
    (64, N'Klient 0064', N'SME', N'Lubelskie', '2024-01-01T00:00:00', 1),
    (65, N'Klient 0065', N'B2C', N'Świętokrzyskie', '2024-01-01T00:00:00', 1),
    (66, N'Klient 0066', N'SME', N'Wielkopolskie', '2024-01-01T00:00:00', 1),
    (67, N'Klient 0067', N'B2C', N'Podkarpackie', '2024-01-01T00:00:00', 1),
    (68, N'Klient 0068', N'SME', N'Dolnośląskie', '2024-01-01T00:00:00', 1),
    (69, N'Klient 0069', N'SME', N'Lubuskie', '2024-01-01T00:00:00', 1),
    (70, N'Klient 0070', N'SME', N'Podkarpackie', '2024-01-01T00:00:00', 1),
    (71, N'Klient 0071', N'Corporate', N'Pomorskie', '2024-01-01T00:00:00', 1),
    (72, N'Klient 0072', N'B2C', N'Podlaskie', '2024-01-01T00:00:00', 1),
    (73, N'Klient 0073', N'B2C', N'Małopolskie', '2024-01-01T00:00:00', 1),
    (74, N'Klient 0074', N'B2C', N'Dolnośląskie', '2024-01-01T00:00:00', 1),
    (75, N'Klient 0075', N'Corporate', N'Podkarpackie', '2024-01-01T00:00:00', 1),
    (76, N'Klient 0076', N'B2C', N'Małopolskie', '2024-01-01T00:00:00', 1),
    (77, N'Klient 0077', N'B2C', N'Lubuskie', '2024-01-01T00:00:00', 1),
    (78, N'Klient 0078', N'SME', N'Podlaskie', '2024-01-01T00:00:00', 1),
    (79, N'Klient 0079', N'SME', N'Mazowieckie', '2024-01-01T00:00:00', 1),
    (80, N'Klient 0080', N'B2C', N'Śląskie', '2024-01-01T00:00:00', 1),
    (81, N'Klient 0081', N'Corporate', N'Małopolskie', '2024-01-01T00:00:00', 1),
    (82, N'Klient 0082', N'B2C', N'Dolnośląskie', '2024-01-01T00:00:00', 1),
    (83, N'Klient 0083', N'SME', N'Pomorskie', '2024-01-01T00:00:00', 1),
    (84, N'Klient 0084', N'B2C', N'Dolnośląskie', '2024-01-01T00:00:00', 1),
    (85, N'Klient 0085', N'B2C', N'Śląskie', '2024-01-01T00:00:00', 1),
    (86, N'Klient 0086', N'B2C', N'Opolskie', '2024-01-01T00:00:00', 1),
    (87, N'Klient 0087', N'B2C', N'Opolskie', '2024-01-01T00:00:00', 1),
    (88, N'Klient 0088', N'SME', N'Lubelskie', '2024-01-01T00:00:00', 1),
    (89, N'Klient 0089', N'B2C', N'Zachodniopomorskie', '2024-01-01T00:00:00', 1),
    (90, N'Klient 0090', N'B2C', N'Łódzkie', '2024-01-01T00:00:00', 1),
    (91, N'Klient 0091', N'B2C', N'Zachodniopomorskie', '2024-01-01T00:00:00', 1),
    (92, N'Klient 0092', N'SME', N'Małopolskie', '2024-01-01T00:00:00', 1),
    (93, N'Klient 0093', N'B2C', N'Warmińsko-Mazurskie', '2024-01-01T00:00:00', 1),
    (94, N'Klient 0094', N'B2C', N'Mazowieckie', '2024-01-01T00:00:00', 1),
    (95, N'Klient 0095', N'SME', N'Podlaskie', '2024-01-01T00:00:00', 1),
    (96, N'Klient 0096', N'B2C', N'Śląskie', '2024-01-01T00:00:00', 1),
    (97, N'Klient 0097', N'B2C', N'Wielkopolskie', '2024-01-01T00:00:00', 1),
    (98, N'Klient 0098', N'B2C', N'Opolskie', '2024-01-01T00:00:00', 1),
    (99, N'Klient 0099', N'B2C', N'Lubelskie', '2024-01-01T00:00:00', 1),
    (100, N'Klient 0100', N'B2C', N'Dolnośląskie', '2024-01-01T00:00:00', 1),
    (101, N'Klient 0101', N'SME', N'Opolskie', '2024-01-01T00:00:00', 1),
    (102, N'Klient 0102', N'SME', N'Opolskie', '2024-01-01T00:00:00', 1),
    (103, N'Klient 0103', N'B2C', N'Lubelskie', '2024-01-01T00:00:00', 1),
    (104, N'Klient 0104', N'SME', N'Kujawsko-Pomorskie', '2024-01-01T00:00:00', 1),
    (105, N'Klient 0105', N'B2C', N'Lubelskie', '2024-01-01T00:00:00', 1),
    (106, N'Klient 0106', N'B2C', N'Pomorskie', '2024-01-01T00:00:00', 1),
    (107, N'Klient 0107', N'B2C', N'Opolskie', '2024-01-01T00:00:00', 1),
    (108, N'Klient 0108', N'B2C', N'Zachodniopomorskie', '2024-01-01T00:00:00', 1),
    (109, N'Klient 0109', N'B2C', N'Łódzkie', '2024-01-01T00:00:00', 1),
    (110, N'Klient 0110', N'Corporate', N'Zachodniopomorskie', '2024-01-01T00:00:00', 1),
    (111, N'Klient 0111', N'B2C', N'Zachodniopomorskie', '2024-01-01T00:00:00', 1),
    (112, N'Klient 0112', N'B2C', N'Mazowieckie', '2024-01-01T00:00:00', 1),
    (113, N'Klient 0113', N'B2C', N'Lubuskie', '2024-01-01T00:00:00', 1),
    (114, N'Klient 0114', N'SME', N'Warmińsko-Mazurskie', '2024-01-01T00:00:00', 1),
    (115, N'Klient 0115', N'B2C', N'Warmińsko-Mazurskie', '2024-01-01T00:00:00', 1),
    (116, N'Klient 0116', N'B2C', N'Wielkopolskie', '2024-01-01T00:00:00', 1),
    (117, N'Klient 0117', N'Corporate', N'Kujawsko-Pomorskie', '2024-01-01T00:00:00', 1),
    (118, N'Klient 0118', N'SME', N'Lubuskie', '2024-01-01T00:00:00', 1),
    (119, N'Klient 0119', N'B2C', N'Świętokrzyskie', '2024-01-01T00:00:00', 1),
    (120, N'Klient 0120', N'Corporate', N'Pomorskie', '2024-01-01T00:00:00', 1);


GO


INSERT INTO dbo.agents (agent_id, agent_name, team, seniority, location, is_active) VALUES
    (1, N'Jan Zieliński', N'1st_line', N'junior', N'Gdańsk', 1),
    (2, N'Paweł Wiśniewska', N'1st_line', N'mid', N'Wrocław', 1),
    (3, N'Paweł Zieliński', N'1st_line', N'senior', N'Warszawa', 1),
    (4, N'Paweł Piotrowski', N'1st_line', N'junior', N'Gdańsk', 1),
    (5, N'Anna Nowak', N'1st_line', N'senior', N'Kraków', 1),
    (6, N'Maria Mazur', N'1st_line', N'mid', N'Kraków', 1),
    (7, N'Agnieszka Kowalska', N'1st_line', N'junior', N'Warszawa', 1),
    (8, N'Agnieszka Wójcik', N'1st_line', N'senior', N'Katowice', 1),
    (9, N'Katarzyna Mazur', N'1st_line', N'mid', N'Gdańsk', 1),
    (10, N'Joanna Dąbrowski', N'1st_line', N'mid', N'Kraków', 1),
    (11, N'Katarzyna Zieliński', N'1st_line', N'expert', N'Gdańsk', 1),
    (12, N'Michał Piotrowski', N'1st_line', N'junior', N'Wrocław', 1),
    (13, N'Anna Kowalska', N'1st_line', N'mid', N'Gdańsk', 1),
    (14, N'Ewa Wiśniewska', N'1st_line', N'junior', N'Gdańsk', 1),
    (15, N'Jan Wiśniewska', N'1st_line', N'junior', N'Warszawa', 1),
    (16, N'Joanna Zieliński', N'2nd_line', N'mid', N'Gdańsk', 1),
    (17, N'Piotr Grabowski', N'2nd_line', N'mid', N'Gdańsk', 1),
    (18, N'Jan Mazur', N'2nd_line', N'mid', N'Gdańsk', 1),
    (19, N'Ewa Kaczmarek', N'2nd_line', N'senior', N'Kraków', 1),
    (20, N'Joanna Dąbrowski', N'2nd_line', N'junior', N'Wrocław', 1),
    (21, N'Agnieszka Wiśniewska', N'2nd_line', N'mid', N'Wrocław', 1),
    (22, N'Paweł Kaczmarek', N'back_office', N'senior', N'Warszawa', 1),
    (23, N'Anna Krawczyk', N'back_office', N'mid', N'Gdańsk', 1),
    (24, N'Jan Nowak', N'back_office', N'mid', N'Gdańsk', 1);


GO


INSERT INTO dbo.calls (call_id, customer_id, agent_id, start_time, ivr_start_time, queue_start_time, answer_time, end_time, direction, channel, ivr_topic, call_outcome, is_self_service, is_callback_chosen, is_callback_realized, is_answered_by_agent, is_abandoned_in_queue) VALUES
    (1, 34, NULL, '2025-01-01T08:29:00', '2025-01-01T08:29:04', '2025-01-01T08:29:32', NULL, '2025-01-01T08:32:11', N'inbound', N'phone', N'reklamacja', N'abandoned', 0, 0, 0, 0, 1),
    (2, 91, 15, '2025-01-01T08:59:00', '2025-01-01T08:59:06', '2025-01-01T09:00:33', '2025-01-01T09:03:37', '2025-01-01T09:09:37', N'inbound', N'phone', N'faktura', N'answered', 0, 0, 0, 1, 0),
    (3, 15, 12, '2025-01-01T09:18:00', '2025-01-01T09:18:07', '2025-01-01T09:19:37', '2025-01-01T09:21:19', '2025-01-01T09:30:19', N'inbound', N'phone', N'reklamacja', N'answered', 0, 0, 0, 1, 0),
    (4, 12, 11, '2025-01-01T09:53:00', '2025-01-01T09:53:08', '2025-01-01T09:54:03', '2025-01-01T09:55:25', '2025-01-01T10:03:25', N'inbound', N'phone', N'faktura', N'answered', 0, 0, 0, 1, 0),
    (5, 72, 10, '2025-01-01T10:05:00', '2025-01-01T10:05:02', '2025-01-01T10:05:31', '2025-01-01T10:08:07', '2025-01-01T10:15:07', N'inbound', N'chat', N'platnosci', N'answered', 0, 0, 0, 1, 0),
    (6, 47, NULL, '2025-01-01T10:31:00', '2025-01-01T10:31:04', NULL, NULL, '2025-01-01T10:35:12', N'inbound', N'phone', N'platnosci', N'self_service', 1, 0, 0, 0, 0),
    (7, 111, 6, '2025-01-01T11:00:00', '2025-01-01T11:00:08', '2025-01-01T11:00:50', '2025-01-01T11:04:25', '2025-01-01T11:20:25', N'inbound', N'phone', N'konto', N'answered', 0, 0, 0, 1, 0),
    (8, 21, 8, '2025-01-01T11:23:00', '2025-01-01T11:23:05', '2025-01-01T11:23:29', '2025-01-01T11:25:13', '2025-01-01T11:37:13', N'inbound', N'phone', N'konto', N'answered', 0, 0, 0, 1, 0),
    (9, 4, 5, '2025-01-01T11:51:00', '2025-01-01T11:51:05', '2025-01-01T11:52:07', '2025-01-01T11:53:51', '2025-01-01T12:08:51', N'inbound', N'phone', N'techniczne', N'answered', 0, 0, 0, 1, 0),
    (10, 113, NULL, '2025-01-01T12:18:00', '2025-01-01T12:18:03', '2025-01-01T12:18:56', NULL, '2025-01-01T12:20:06', N'inbound', N'phone', N'faktura', N'callback_requested', 0, 1, 0, 0, 0),
    (11, 116, 13, '2025-01-01T12:41:00', '2025-01-01T12:41:04', '2025-01-01T12:41:29', '2025-01-01T12:44:01', '2025-01-01T12:53:01', N'inbound', N'phone', N'platnosci', N'answered', 0, 0, 0, 1, 0),
    (12, 80, 6, '2025-01-01T13:10:00', '2025-01-01T13:10:07', '2025-01-01T13:10:42', '2025-01-01T13:12:40', '2025-01-01T13:24:40', N'inbound', N'email', N'platnosci', N'answered', 0, 0, 0, 1, 0),
    (13, 86, NULL, '2025-01-01T13:37:00', '2025-01-01T13:37:07', '2025-01-01T13:37:49', NULL, '2025-01-01T13:38:19', N'inbound', N'phone', N'dostawa', N'callback_requested', 0, 1, 0, 0, 0),
    (14, 86, 4, '2025-01-01T14:30:19', NULL, NULL, '2025-01-01T14:30:37', '2025-01-01T14:42:37', N'outbound', N'phone', N'dostawa', N'callback_completed', 0, 0, 1, 1, 0),
    (15, 57, 13, '2025-01-01T14:04:00', '2025-01-01T14:04:07', '2025-01-01T14:04:54', '2025-01-01T14:08:17', '2025-01-01T14:16:17', N'inbound', N'phone', N'dostawa', N'answered', 0, 0, 0, 1, 0),
    (16, 12, NULL, '2025-01-01T14:22:00', '2025-01-01T14:22:07', NULL, NULL, '2025-01-01T14:23:10', N'inbound', N'phone', N'reklamacja', N'self_service', 1, 0, 0, 0, 0),
    (17, 59, 4, '2025-01-01T14:53:00', '2025-01-01T14:53:07', '2025-01-01T14:53:51', '2025-01-01T14:54:43', '2025-01-01T14:57:43', N'inbound', N'phone', N'platnosci', N'answered', 0, 0, 0, 1, 0),
    (18, 29, NULL, '2025-01-01T15:10:00', '2025-01-01T15:10:08', '2025-01-01T15:11:34', NULL, '2025-01-01T15:12:25', N'inbound', N'phone', N'konto', N'abandoned', 0, 0, 0, 0, 1),
    (19, 59, 6, '2025-01-01T15:34:00', '2025-01-01T15:34:08', '2025-01-01T15:35:27', '2025-01-01T15:39:45', '2025-01-01T15:56:45', N'inbound', N'phone', N'platnosci', N'answered', 0, 0, 0, 1, 0),
    (20, 107, NULL, '2025-01-01T16:09:00', '2025-01-01T16:09:03', '2025-01-01T16:10:23', NULL, '2025-01-01T16:13:26', N'inbound', N'phone', N'konto', N'abandoned', 0, 0, 0, 0, 1),
    (21, 36, 4, '2025-01-01T16:35:00', '2025-01-01T16:35:07', '2025-01-01T16:35:57', '2025-01-01T16:37:21', '2025-01-01T16:50:21', N'inbound', N'phone', N'techniczne', N'answered', 0, 0, 0, 1, 0),
    (22, 30, NULL, '2025-01-01T16:57:00', '2025-01-01T16:57:07', '2025-01-01T16:57:46', NULL, '2025-01-01T16:58:58', N'inbound', N'phone', N'platnosci', N'callback_requested', 0, 1, 0, 0, 0),
    (23, 30, 7, '2025-01-01T18:26:58', NULL, NULL, '2025-01-01T18:27:04', '2025-01-01T18:33:04', N'outbound', N'phone', N'platnosci', N'callback_completed', 0, 0, 1, 1, 0),
    (24, 110, NULL, '2025-01-01T17:22:00', '2025-01-01T17:22:05', '2025-01-01T17:22:25', NULL, '2025-01-01T17:23:48', N'inbound', N'phone', N'techniczne', N'callback_requested', 0, 1, 0, 0, 0),
    (25, 110, 12, '2025-01-01T18:59:48', NULL, NULL, '2025-01-01T19:00:10', '2025-01-01T19:12:10', N'outbound', N'phone', N'techniczne', N'callback_completed', 0, 0, 1, 1, 0),
    (26, 87, 10, '2025-01-01T17:47:00', '2025-01-01T17:47:07', '2025-01-01T17:47:48', '2025-01-01T17:50:27', '2025-01-01T17:53:27', N'inbound', N'chat', N'konto', N'answered', 0, 0, 0, 1, 0),
    (27, 111, NULL, '2025-01-01T18:14:00', '2025-01-01T18:14:03', '2025-01-01T18:14:29', NULL, '2025-01-01T18:16:12', N'inbound', N'phone', N'techniczne', N'abandoned', 0, 0, 0, 0, 1),
    (28, 44, NULL, '2025-01-01T18:37:00', '2025-01-01T18:37:04', '2025-01-01T18:38:17', NULL, '2025-01-01T18:39:56', N'inbound', N'phone', N'techniczne', N'callback_requested', 0, 1, 0, 0, 0),
    (29, 84, 10, '2025-01-01T18:52:00', '2025-01-01T18:52:08', '2025-01-01T18:52:33', '2025-01-01T18:53:27', '2025-01-01T19:03:27', N'inbound', N'chat', N'faktura', N'answered', 0, 0, 0, 1, 0),
    (30, 73, 12, '2025-01-01T19:21:00', '2025-01-01T19:21:05', '2025-01-01T19:21:57', '2025-01-01T19:25:15', '2025-01-01T19:31:15', N'inbound', N'phone', N'techniczne', N'answered', 0, 0, 0, 1, 0),
    (31, 119, NULL, '2025-01-01T19:49:00', '2025-01-01T19:49:06', NULL, NULL, '2025-01-01T19:51:50', N'inbound', N'chat', N'konto', N'self_service', 1, 0, 0, 0, 0),
    (32, 102, NULL, '2025-01-01T20:06:00', '2025-01-01T20:06:04', NULL, NULL, '2025-01-01T20:09:38', N'inbound', N'phone', N'konto', N'self_service', 1, 0, 0, 0, 0),
    (33, 14, NULL, '2025-01-01T20:43:00', '2025-01-01T20:43:04', '2025-01-01T20:44:22', NULL, '2025-01-01T20:46:55', N'inbound', N'phone', N'platnosci', N'abandoned', 0, 0, 0, 0, 1),
    (34, 84, 10, '2025-01-01T21:03:00', '2025-01-01T21:03:06', '2025-01-01T21:04:34', '2025-01-01T21:05:57', '2025-01-01T21:18:57', N'inbound', N'phone', N'konto', N'answered', 0, 0, 0, 1, 0),
    (35, 113, NULL, '2025-01-01T21:34:00', '2025-01-01T21:34:03', '2025-01-01T21:35:22', NULL, '2025-01-01T21:35:55', N'inbound', N'phone', N'dostawa', N'callback_requested', 0, 1, 0, 0, 0),
    (36, 113, 6, '2025-01-01T23:10:55', NULL, NULL, '2025-01-01T23:11:05', '2025-01-01T23:21:05', N'outbound', N'phone', N'dostawa', N'callback_completed', 0, 0, 1, 1, 0),
    (37, 36, NULL, '2025-01-01T21:53:00', '2025-01-01T21:53:06', '2025-01-01T21:53:27', NULL, '2025-01-01T21:55:31', N'inbound', N'chat', N'dostawa', N'abandoned', 0, 0, 0, 0, 1),
    (38, 63, NULL, '2025-01-01T22:17:00', '2025-01-01T22:17:07', '2025-01-01T22:18:27', NULL, '2025-01-01T22:18:59', N'inbound', N'phone', N'platnosci', N'callback_requested', 0, 1, 0, 0, 0),
    (39, 52, NULL, '2025-01-01T22:42:00', '2025-01-01T22:42:04', '2025-01-01T22:43:11', NULL, '2025-01-01T22:44:51', N'inbound', N'phone', N'konto', N'callback_requested', 0, 1, 0, 0, 0),
    (40, 52, 12, '2025-01-01T23:42:51', NULL, NULL, '2025-01-01T23:43:10', '2025-01-01T23:50:10', N'outbound', N'phone', N'konto', N'callback_completed', 0, 0, 1, 1, 0),
    (41, 93, 3, '2025-01-01T23:06:00', '2025-01-01T23:06:04', '2025-01-01T23:06:39', '2025-01-01T23:07:43', '2025-01-01T23:16:43', N'inbound', N'phone', N'platnosci', N'answered', 0, 0, 0, 1, 0),
    (42, 13, NULL, '2025-01-01T23:31:00', '2025-01-01T23:31:04', NULL, NULL, '2025-01-01T23:32:48', N'inbound', N'phone', N'techniczne', N'self_service', 1, 0, 0, 0, 0),
    (43, 90, 8, '2025-01-01T23:54:00', '2025-01-01T23:54:07', '2025-01-01T23:55:29', '2025-01-01T23:57:46', '2025-01-02T00:14:46', N'inbound', N'phone', N'faktura', N'answered', 0, 0, 0, 1, 0),
    (44, 111, 11, '2025-01-02T00:30:00', '2025-01-02T00:30:02', '2025-01-02T00:30:30', '2025-01-02T00:30:58', '2025-01-02T00:37:58', N'inbound', N'phone', N'konto', N'answered', 0, 0, 0, 1, 0),
    (45, 11, 13, '2025-01-02T00:47:00', '2025-01-02T00:47:02', '2025-01-02T00:48:15', '2025-01-02T00:50:43', '2025-01-02T01:05:43', N'inbound', N'phone', N'dostawa', N'answered', 0, 0, 0, 1, 0),
    (46, 111, 4, '2025-01-02T01:18:00', '2025-01-02T01:18:04', '2025-01-02T01:18:31', '2025-01-02T01:21:26', '2025-01-02T01:30:26', N'inbound', N'chat', N'dostawa', N'answered', 0, 0, 0, 1, 0),
    (47, 31, NULL, '2025-01-02T01:35:00', '2025-01-02T01:35:06', '2025-01-02T01:35:35', NULL, '2025-01-02T01:37:21', N'inbound', N'phone', N'reklamacja', N'callback_requested', 0, 1, 0, 0, 0),
    (48, 30, NULL, '2025-01-02T02:04:00', '2025-01-02T02:04:07', NULL, NULL, '2025-01-02T02:06:46', N'inbound', N'phone', N'platnosci', N'self_service', 1, 0, 0, 0, 0),
    (49, 55, NULL, '2025-01-02T02:23:00', '2025-01-02T02:23:06', '2025-01-02T02:23:54', NULL, '2025-01-02T02:24:50', N'inbound', N'phone', N'platnosci', N'abandoned', 0, 0, 0, 0, 1),
    (50, 10, 5, '2025-01-02T02:46:00', '2025-01-02T02:46:03', '2025-01-02T02:47:02', '2025-01-02T02:49:09', '2025-01-02T02:55:09', N'inbound', N'phone', N'dostawa', N'answered', 0, 0, 0, 1, 0),
    (51, 35, NULL, '2025-01-02T03:25:00', '2025-01-02T03:25:05', '2025-01-02T03:25:35', NULL, '2025-01-02T03:26:46', N'inbound', N'phone', N'dostawa', N'callback_requested', 0, 1, 0, 0, 0),
    (52, 12, 13, '2025-01-02T03:42:00', '2025-01-02T03:42:07', '2025-01-02T03:42:29', '2025-01-02T03:45:57', '2025-01-02T03:53:57', N'inbound', N'phone', N'platnosci', N'answered', 0, 0, 0, 1, 0),
    (53, 118, 8, '2025-01-02T04:08:00', '2025-01-02T04:08:03', '2025-01-02T04:09:18', '2025-01-02T04:11:02', '2025-01-02T04:27:02', N'inbound', N'phone', N'platnosci', N'answered', 0, 0, 0, 1, 0),
    (54, 110, 7, '2025-01-02T04:30:00', '2025-01-02T04:30:04', '2025-01-02T04:31:16', '2025-01-02T04:34:59', '2025-01-02T04:38:59', N'inbound', N'phone', N'platnosci', N'answered', 0, 0, 0, 1, 0),
    (55, 42, NULL, '2025-01-02T04:53:00', '2025-01-02T04:53:08', NULL, NULL, '2025-01-02T04:57:44', N'inbound', N'phone', N'dostawa', N'self_service', 1, 0, 0, 0, 0),
    (56, 80, 15, '2025-01-02T05:30:00', '2025-01-02T05:30:07', '2025-01-02T05:31:23', '2025-01-02T05:32:51', '2025-01-02T05:49:51', N'inbound', N'phone', N'faktura', N'answered', 0, 0, 0, 1, 0),
    (57, 4, 2, '2025-01-02T05:47:00', '2025-01-02T05:47:07', '2025-01-02T05:47:47', '2025-01-02T05:48:59', '2025-01-02T05:54:59', N'inbound', N'phone', N'techniczne', N'answered', 0, 0, 0, 1, 0),
    (58, 66, 7, '2025-01-02T06:13:00', '2025-01-02T06:13:05', '2025-01-02T06:14:26', '2025-01-02T06:15:29', '2025-01-02T06:22:29', N'inbound', N'phone', N'konto', N'answered', 0, 0, 0, 1, 0),
    (59, 44, 10, '2025-01-02T06:38:00', '2025-01-02T06:38:08', '2025-01-02T06:38:28', '2025-01-02T06:41:31', '2025-01-02T06:59:31', N'inbound', N'phone', N'techniczne', N'answered', 0, 0, 0, 1, 0),
    (60, 59, NULL, '2025-01-02T07:05:00', '2025-01-02T07:05:08', '2025-01-02T07:05:52', NULL, '2025-01-02T07:07:14', N'inbound', N'phone', N'platnosci', N'callback_requested', 0, 1, 0, 0, 0),
    (61, 59, 12, '2025-01-02T07:27:14', NULL, NULL, '2025-01-02T07:27:34', '2025-01-02T07:41:34', N'outbound', N'phone', N'platnosci', N'callback_completed', 0, 0, 1, 1, 0),
    (62, 85, 14, '2025-01-02T07:24:00', '2025-01-02T07:24:05', '2025-01-02T07:24:29', '2025-01-02T07:25:09', '2025-01-02T07:42:09', N'inbound', N'phone', N'reklamacja', N'answered', 0, 0, 0, 1, 0),
    (63, 53, 11, '2025-01-02T07:49:00', '2025-01-02T07:49:02', '2025-01-02T07:50:22', '2025-01-02T07:50:57', '2025-01-02T08:03:57', N'inbound', N'phone', N'techniczne', N'answered', 0, 0, 0, 1, 0),
    (64, 112, 4, '2025-01-02T08:11:00', '2025-01-02T08:11:06', '2025-01-02T08:11:34', '2025-01-02T08:15:00', '2025-01-02T08:20:00', N'inbound', N'phone', N'reklamacja', N'answered', 0, 0, 0, 1, 0),
    (65, 89, NULL, '2025-01-02T08:44:00', '2025-01-02T08:44:02', '2025-01-02T08:44:27', NULL, '2025-01-02T08:45:44', N'inbound', N'phone', N'techniczne', N'callback_requested', 0, 1, 0, 0, 0),
    (66, 89, 4, '2025-01-02T09:49:44', NULL, NULL, '2025-01-02T09:50:05', '2025-01-02T09:59:05', N'outbound', N'phone', N'techniczne', N'callback_completed', 0, 0, 1, 1, 0),
    (67, 117, NULL, '2025-01-02T09:04:00', '2025-01-02T09:04:03', '2025-01-02T09:05:22', NULL, '2025-01-02T09:05:44', N'inbound', N'phone', N'platnosci', N'abandoned', 0, 0, 0, 0, 1),
    (68, 116, 10, '2025-01-02T09:39:00', '2025-01-02T09:39:04', '2025-01-02T09:40:33', '2025-01-02T09:42:04', '2025-01-02T09:58:04', N'inbound', N'phone', N'reklamacja', N'answered', 0, 0, 0, 1, 0),
    (69, 14, 1, '2025-01-02T09:57:00', '2025-01-02T09:57:05', '2025-01-02T09:58:10', '2025-01-02T10:01:57', '2025-01-02T10:16:57', N'inbound', N'phone', N'dostawa', N'answered', 0, 0, 0, 1, 0),
    (70, 117, NULL, '2025-01-02T10:30:00', '2025-01-02T10:30:08', '2025-01-02T10:31:04', NULL, '2025-01-02T10:32:55', N'inbound', N'phone', N'reklamacja', N'callback_requested', 0, 1, 0, 0, 0),
    (71, 117, 5, '2025-01-02T11:20:55', NULL, NULL, '2025-01-02T11:21:21', '2025-01-02T11:35:21', N'outbound', N'phone', N'reklamacja', N'callback_completed', 0, 0, 1, 1, 0),
    (72, 57, 6, '2025-01-02T10:41:00', '2025-01-02T10:41:06', '2025-01-02T10:42:12', '2025-01-02T10:45:38', '2025-01-02T11:01:38', N'inbound', N'phone', N'platnosci', N'answered', 0, 0, 0, 1, 0),
    (73, 68, 5, '2025-01-02T11:13:00', '2025-01-02T11:13:08', '2025-01-02T11:13:49', '2025-01-02T11:17:15', '2025-01-02T11:30:15', N'inbound', N'email', N'techniczne', N'answered', 0, 0, 0, 1, 0),
    (74, 102, NULL, '2025-01-02T11:42:00', '2025-01-02T11:42:02', '2025-01-02T11:42:55', NULL, '2025-01-02T11:44:51', N'inbound', N'phone', N'dostawa', N'callback_requested', 0, 1, 0, 0, 0),
    (75, 102, 7, '2025-01-02T12:40:51', NULL, NULL, '2025-01-02T12:41:16', '2025-01-02T12:49:16', N'outbound', N'phone', N'dostawa', N'callback_completed', 0, 0, 1, 1, 0),
    (76, 4, 15, '2025-01-02T12:05:00', '2025-01-02T12:05:06', '2025-01-02T12:05:54', '2025-01-02T12:09:08', '2025-01-02T12:21:08', N'inbound', N'phone', N'platnosci', N'answered', 0, 0, 0, 1, 0),
    (77, 6, 3, '2025-01-02T12:21:00', '2025-01-02T12:21:04', '2025-01-02T12:22:27', '2025-01-02T12:24:21', '2025-01-02T12:41:21', N'inbound', N'phone', N'faktura', N'answered', 0, 0, 0, 1, 0),
    (78, 76, 5, '2025-01-02T12:49:00', '2025-01-02T12:49:05', '2025-01-02T12:49:37', '2025-01-02T12:50:00', '2025-01-02T13:04:00', N'inbound', N'phone', N'konto', N'answered', 0, 0, 0, 1, 0),
    (79, 110, NULL, '2025-01-02T13:21:00', '2025-01-02T13:21:02', NULL, NULL, '2025-01-02T13:24:03', N'inbound', N'email', N'dostawa', N'self_service', 1, 0, 0, 0, 0),
    (80, 12, NULL, '2025-01-02T13:41:00', '2025-01-02T13:41:07', '2025-01-02T13:41:29', NULL, '2025-01-02T13:42:21', N'inbound', N'phone', N'faktura', N'abandoned', 0, 0, 0, 0, 1),
    (81, 101, 4, '2025-01-02T14:06:00', '2025-01-02T14:06:02', '2025-01-02T14:07:32', '2025-01-02T14:09:11', '2025-01-02T14:16:11', N'inbound', N'phone', N'reklamacja', N'answered', 0, 0, 0, 1, 0),
    (82, 85, NULL, '2025-01-02T14:25:00', '2025-01-02T14:25:03', '2025-01-02T14:25:24', NULL, '2025-01-02T14:27:06', N'inbound', N'phone', N'techniczne', N'abandoned', 0, 0, 0, 0, 1),
    (83, 3, 12, '2025-01-02T14:55:00', '2025-01-02T14:55:04', '2025-01-02T14:55:30', '2025-01-02T14:56:01', '2025-01-02T15:14:01', N'inbound', N'phone', N'reklamacja', N'answered', 0, 0, 0, 1, 0),
    (84, 58, 9, '2025-01-02T15:22:00', '2025-01-02T15:22:06', '2025-01-02T15:22:31', '2025-01-02T15:24:03', '2025-01-02T15:41:03', N'inbound', N'phone', N'platnosci', N'answered', 0, 0, 0, 1, 0),
    (85, 62, NULL, '2025-01-02T15:52:00', '2025-01-02T15:52:05', '2025-01-02T15:52:38', NULL, '2025-01-02T15:53:18', N'inbound', N'phone', N'konto', N'callback_requested', 0, 1, 0, 0, 0),
    (86, 17, 9, '2025-01-02T16:13:00', '2025-01-02T16:13:06', '2025-01-02T16:14:36', '2025-01-02T16:16:06', '2025-01-02T16:33:06', N'inbound', N'phone', N'platnosci', N'answered', 0, 0, 0, 1, 0),
    (87, 102, NULL, '2025-01-02T16:33:00', '2025-01-02T16:33:08', '2025-01-02T16:34:38', NULL, '2025-01-02T16:35:37', N'inbound', N'phone', N'platnosci', N'callback_requested', 0, 1, 0, 0, 0),
    (88, 52, 6, '2025-01-02T17:08:00', '2025-01-02T17:08:07', '2025-01-02T17:08:39', '2025-01-02T17:12:58', '2025-01-02T17:19:58', N'inbound', N'phone', N'techniczne', N'answered', 0, 0, 0, 1, 0),
    (89, 95, 9, '2025-01-02T17:31:00', '2025-01-02T17:31:08', '2025-01-02T17:31:44', '2025-01-02T17:33:23', '2025-01-02T17:39:23', N'inbound', N'phone', N'dostawa', N'answered', 0, 0, 0, 1, 0),
    (90, 112, 3, '2025-01-02T17:46:00', '2025-01-02T17:46:04', '2025-01-02T17:47:03', '2025-01-02T17:50:06', '2025-01-02T18:08:06', N'inbound', N'phone', N'techniczne', N'answered', 0, 0, 0, 1, 0),
    (91, 29, NULL, '2025-01-02T18:23:00', '2025-01-02T18:23:08', NULL, NULL, '2025-01-02T18:26:07', N'inbound', N'email', N'dostawa', N'self_service', 1, 0, 0, 0, 0),
    (92, 45, NULL, '2025-01-02T18:35:00', '2025-01-02T18:35:03', NULL, NULL, '2025-01-02T18:35:58', N'inbound', N'phone', N'dostawa', N'self_service', 1, 0, 0, 0, 0),
    (93, 49, 13, '2025-01-02T19:13:00', '2025-01-02T19:13:05', '2025-01-02T19:14:08', '2025-01-02T19:18:24', '2025-01-02T19:23:24', N'inbound', N'phone', N'reklamacja', N'answered', 0, 0, 0, 1, 0),
    (94, 35, NULL, '2025-01-02T19:39:00', '2025-01-02T19:39:07', '2025-01-02T19:40:21', NULL, '2025-01-02T19:41:18', N'inbound', N'phone', N'konto', N'callback_requested', 0, 1, 0, 0, 0),
    (95, 35, 6, '2025-01-02T20:54:18', NULL, NULL, '2025-01-02T20:54:36', '2025-01-02T20:58:36', N'outbound', N'phone', N'konto', N'callback_completed', 0, 0, 1, 1, 0),
    (96, 68, NULL, '2025-01-02T19:59:00', '2025-01-02T19:59:02', NULL, NULL, '2025-01-02T20:02:16', N'inbound', N'chat', N'konto', N'self_service', 1, 0, 0, 0, 0),
    (97, 38, NULL, '2025-01-02T20:25:00', '2025-01-02T20:25:02', '2025-01-02T20:25:22', NULL, '2025-01-02T20:27:19', N'inbound', N'phone', N'konto', N'abandoned', 0, 0, 0, 0, 1),
    (98, 69, 7, '2025-01-02T20:47:00', '2025-01-02T20:47:06', '2025-01-02T20:48:11', '2025-01-02T20:48:30', '2025-01-02T21:05:30', N'inbound', N'phone', N'faktura', N'answered', 0, 0, 0, 1, 0),
    (99, 74, NULL, '2025-01-02T21:17:00', '2025-01-02T21:17:07', NULL, NULL, '2025-01-02T21:20:33', N'inbound', N'phone', N'techniczne', N'self_service', 1, 0, 0, 0, 0),
    (100, 107, 9, '2025-01-02T21:41:00', '2025-01-02T21:41:02', '2025-01-02T21:42:17', '2025-01-02T21:42:52', '2025-01-02T21:57:52', N'inbound', N'phone', N'faktura', N'answered', 0, 0, 0, 1, 0),
    (101, 43, 15, '2025-01-02T22:00:00', '2025-01-02T22:00:02', '2025-01-02T22:01:27', '2025-01-02T22:05:00', '2025-01-02T22:19:00', N'inbound', N'phone', N'platnosci', N'answered', 0, 0, 0, 1, 0),
    (102, 31, NULL, '2025-01-02T22:23:00', '2025-01-02T22:23:03', '2025-01-02T22:23:55', NULL, '2025-01-02T22:27:29', N'inbound', N'phone', N'reklamacja', N'abandoned', 0, 0, 0, 0, 1),
    (103, 84, 8, '2025-01-02T22:47:00', '2025-01-02T22:47:03', '2025-01-02T22:48:26', '2025-01-02T22:51:35', '2025-01-02T23:04:35', N'inbound', N'phone', N'konto', N'answered', 0, 0, 0, 1, 0),
    (104, 20, 10, '2025-01-02T23:24:00', '2025-01-02T23:24:02', '2025-01-02T23:25:22', '2025-01-02T23:25:51', '2025-01-02T23:39:51', N'inbound', N'phone', N'konto', N'answered', 0, 0, 0, 1, 0),
    (105, 58, 14, '2025-01-02T23:36:00', '2025-01-02T23:36:02', '2025-01-02T23:37:09', '2025-01-02T23:37:47', '2025-01-02T23:52:47', N'inbound', N'phone', N'techniczne', N'answered', 0, 0, 0, 1, 0),
    (106, 117, NULL, '2025-01-03T00:06:00', '2025-01-03T00:06:04', NULL, NULL, '2025-01-03T00:07:36', N'inbound', N'phone', N'dostawa', N'self_service', 1, 0, 0, 0, 0),
    (107, 65, NULL, '2025-01-03T00:30:00', '2025-01-03T00:30:02', '2025-01-03T00:30:53', NULL, '2025-01-03T00:32:29', N'inbound', N'phone', N'platnosci', N'callback_requested', 0, 1, 0, 0, 0),
    (108, 48, NULL, '2025-01-03T00:59:00', '2025-01-03T00:59:05', NULL, NULL, '2025-01-03T01:02:36', N'inbound', N'phone', N'techniczne', N'self_service', 1, 0, 0, 0, 0),
    (109, 37, 15, '2025-01-03T01:23:00', '2025-01-03T01:23:07', '2025-01-03T01:23:46', '2025-01-03T01:25:30', '2025-01-03T01:37:30', N'inbound', N'phone', N'techniczne', N'answered', 0, 0, 0, 1, 0),
    (110, 40, 12, '2025-01-03T01:52:00', '2025-01-03T01:52:07', '2025-01-03T01:53:09', '2025-01-03T01:56:19', '2025-01-03T02:01:19', N'inbound', N'phone', N'reklamacja', N'answered', 0, 0, 0, 1, 0),
    (111, 24, NULL, '2025-01-03T02:11:00', '2025-01-03T02:11:04', NULL, NULL, '2025-01-03T02:12:23', N'inbound', N'phone', N'reklamacja', N'self_service', 1, 0, 0, 0, 0),
    (112, 85, NULL, '2025-01-03T02:40:00', '2025-01-03T02:40:08', '2025-01-03T02:40:44', NULL, '2025-01-03T02:44:01', N'inbound', N'phone', N'dostawa', N'abandoned', 0, 0, 0, 0, 1),
    (113, 99, 4, '2025-01-03T03:00:00', '2025-01-03T03:00:07', '2025-01-03T03:01:23', '2025-01-03T03:03:31', '2025-01-03T03:15:31', N'inbound', N'phone', N'faktura', N'answered', 0, 0, 0, 1, 0),
    (114, 69, 8, '2025-01-03T03:27:00', '2025-01-03T03:27:04', '2025-01-03T03:28:24', '2025-01-03T03:30:37', '2025-01-03T03:42:37', N'inbound', N'phone', N'reklamacja', N'answered', 0, 0, 0, 1, 0),
    (115, 103, 9, '2025-01-03T03:49:00', '2025-01-03T03:49:08', '2025-01-03T03:50:00', '2025-01-03T03:54:14', '2025-01-03T04:00:14', N'inbound', N'phone', N'faktura', N'answered', 0, 0, 0, 1, 0),
    (116, 37, 14, '2025-01-03T04:12:00', '2025-01-03T04:12:08', '2025-01-03T04:12:48', '2025-01-03T04:14:54', '2025-01-03T04:19:54', N'inbound', N'phone', N'techniczne', N'answered', 0, 0, 0, 1, 0),
    (117, 54, 6, '2025-01-03T04:36:00', '2025-01-03T04:36:05', '2025-01-03T04:37:29', '2025-01-03T04:38:41', '2025-01-03T04:41:41', N'inbound', N'phone', N'techniczne', N'answered', 0, 0, 0, 1, 0),
    (118, 37, 15, '2025-01-03T05:15:00', '2025-01-03T05:15:07', '2025-01-03T05:15:44', '2025-01-03T05:16:19', '2025-01-03T05:19:19', N'inbound', N'phone', N'platnosci', N'answered', 0, 0, 0, 1, 0),
    (119, 15, NULL, '2025-01-03T05:34:00', '2025-01-03T05:34:03', '2025-01-03T05:35:01', NULL, '2025-01-03T05:36:50', N'inbound', N'phone', N'faktura', N'callback_requested', 0, 1, 0, 0, 0),
    (120, 15, 2, '2025-01-03T06:41:50', NULL, NULL, '2025-01-03T06:42:10', '2025-01-03T06:54:10', N'outbound', N'phone', N'faktura', N'callback_completed', 0, 0, 1, 1, 0),
    (121, 92, NULL, '2025-01-03T05:54:00', '2025-01-03T05:54:04', '2025-01-03T05:55:18', NULL, '2025-01-03T05:57:24', N'inbound', N'phone', N'faktura', N'abandoned', 0, 0, 0, 0, 1),
    (122, 24, NULL, '2025-01-03T06:17:00', '2025-01-03T06:17:06', '2025-01-03T06:18:12', NULL, '2025-01-03T06:19:42', N'inbound', N'chat', N'faktura', N'callback_requested', 0, 1, 0, 0, 0),
    (123, 24, 7, '2025-01-03T06:49:42', NULL, NULL, '2025-01-03T06:49:58', '2025-01-03T06:56:58', N'outbound', N'phone', N'faktura', N'callback_completed', 0, 0, 1, 1, 0),
    (124, 45, NULL, '2025-01-03T06:47:00', '2025-01-03T06:47:07', '2025-01-03T06:47:40', NULL, '2025-01-03T06:48:15', N'inbound', N'phone', N'dostawa', N'callback_requested', 0, 1, 0, 0, 0),
    (125, 45, 6, '2025-01-03T07:55:15', NULL, NULL, '2025-01-03T07:55:40', '2025-01-03T08:00:40', N'outbound', N'phone', N'dostawa', N'callback_completed', 0, 0, 1, 1, 0),
    (126, 81, 1, '2025-01-03T07:10:00', '2025-01-03T07:10:08', '2025-01-03T07:10:45', '2025-01-03T07:12:15', '2025-01-03T07:21:15', N'inbound', N'phone', N'faktura', N'answered', 0, 0, 0, 1, 0),
    (127, 41, NULL, '2025-01-03T07:39:00', '2025-01-03T07:39:06', NULL, NULL, '2025-01-03T07:41:23', N'inbound', N'phone', N'dostawa', N'self_service', 1, 0, 0, 0, 0),
    (128, 35, 7, '2025-01-03T07:58:00', '2025-01-03T07:58:08', '2025-01-03T07:59:15', '2025-01-03T08:00:56', '2025-01-03T08:08:56', N'inbound', N'email', N'konto', N'answered', 0, 0, 0, 1, 0),
    (129, 119, NULL, '2025-01-03T08:28:00', '2025-01-03T08:28:08', '2025-01-03T08:28:38', NULL, '2025-01-03T08:29:31', N'inbound', N'phone', N'platnosci', N'callback_requested', 0, 1, 0, 0, 0),
    (130, 14, 3, '2025-01-03T08:47:00', '2025-01-03T08:47:04', '2025-01-03T08:48:01', '2025-01-03T08:51:12', '2025-01-03T09:08:12', N'inbound', N'phone', N'techniczne', N'answered', 0, 0, 0, 1, 0),
    (131, 102, 3, '2025-01-03T09:11:00', '2025-01-03T09:11:02', '2025-01-03T09:12:13', '2025-01-03T09:16:31', '2025-01-03T09:19:31', N'inbound', N'phone', N'techniczne', N'answered', 0, 0, 0, 1, 0),
    (132, 17, 10, '2025-01-03T09:37:00', '2025-01-03T09:37:03', '2025-01-03T09:38:09', '2025-01-03T09:39:03', '2025-01-03T09:56:03', N'inbound', N'phone', N'techniczne', N'answered', 0, 0, 0, 1, 0),
    (133, 68, 1, '2025-01-03T10:11:00', '2025-01-03T10:11:05', '2025-01-03T10:12:05', '2025-01-03T10:15:28', '2025-01-03T10:23:28', N'inbound', N'phone', N'platnosci', N'answered', 0, 0, 0, 1, 0),
    (134, 34, 8, '2025-01-03T10:33:00', '2025-01-03T10:33:07', '2025-01-03T10:34:24', '2025-01-03T10:35:30', '2025-01-03T10:41:30', N'inbound', N'email', N'reklamacja', N'answered', 0, 0, 0, 1, 0),
    (135, 88, 15, '2025-01-03T11:00:00', '2025-01-03T11:00:07', '2025-01-03T11:01:11', '2025-01-03T11:02:42', '2025-01-03T11:10:42', N'inbound', N'phone', N'platnosci', N'answered', 0, 0, 0, 1, 0),
    (136, 102, NULL, '2025-01-03T11:26:00', '2025-01-03T11:26:06', '2025-01-03T11:26:54', NULL, '2025-01-03T11:29:20', N'inbound', N'chat', N'faktura', N'abandoned', 0, 0, 0, 0, 1),
    (137, 4, 10, '2025-01-03T11:51:00', '2025-01-03T11:51:06', '2025-01-03T11:52:13', '2025-01-03T11:56:14', '2025-01-03T12:01:14', N'inbound', N'phone', N'konto', N'answered', 0, 0, 0, 1, 0),
    (138, 68, 11, '2025-01-03T12:18:00', '2025-01-03T12:18:08', '2025-01-03T12:19:20', '2025-01-03T12:19:53', '2025-01-03T12:36:53', N'inbound', N'phone', N'dostawa', N'answered', 0, 0, 0, 1, 0),
    (139, 17, 14, '2025-01-03T12:35:00', '2025-01-03T12:35:08', '2025-01-03T12:35:44', '2025-01-03T12:36:30', '2025-01-03T12:43:30', N'inbound', N'phone', N'konto', N'answered', 0, 0, 0, 1, 0),
    (140, 120, NULL, '2025-01-03T13:02:00', '2025-01-03T13:02:04', '2025-01-03T13:03:30', NULL, '2025-01-03T13:06:32', N'inbound', N'phone', N'techniczne', N'abandoned', 0, 0, 0, 0, 1),
    (141, 71, 3, '2025-01-03T13:28:00', '2025-01-03T13:28:03', '2025-01-03T13:29:01', '2025-01-03T13:31:47', '2025-01-03T13:38:47', N'inbound', N'phone', N'dostawa', N'answered', 0, 0, 0, 1, 0),
    (142, 108, 10, '2025-01-03T13:46:00', '2025-01-03T13:46:08', '2025-01-03T13:46:31', '2025-01-03T13:47:53', '2025-01-03T13:56:53', N'inbound', N'phone', N'faktura', N'answered', 0, 0, 0, 1, 0),
    (143, 64, 7, '2025-01-03T14:19:00', '2025-01-03T14:19:07', '2025-01-03T14:20:05', '2025-01-03T14:21:36', '2025-01-03T14:38:36', N'inbound', N'phone', N'konto', N'answered', 0, 0, 0, 1, 0),
    (144, 57, NULL, '2025-01-03T14:48:00', '2025-01-03T14:48:05', NULL, NULL, '2025-01-03T14:51:28', N'inbound', N'phone', N'reklamacja', N'self_service', 1, 0, 0, 0, 0),
    (145, 98, NULL, '2025-01-03T15:11:00', '2025-01-03T15:11:06', NULL, NULL, '2025-01-03T15:15:36', N'inbound', N'phone', N'techniczne', N'self_service', 1, 0, 0, 0, 0),
    (146, 38, 15, '2025-01-03T15:37:00', '2025-01-03T15:37:08', '2025-01-03T15:38:21', '2025-01-03T15:41:03', '2025-01-03T15:54:03', N'inbound', N'chat', N'reklamacja', N'answered', 0, 0, 0, 1, 0),
    (147, 3, 1, '2025-01-03T15:52:00', '2025-01-03T15:52:05', '2025-01-03T15:53:29', '2025-01-03T15:53:56', '2025-01-03T16:05:56', N'inbound', N'chat', N'konto', N'answered', 0, 0, 0, 1, 0),
    (148, 37, NULL, '2025-01-03T16:15:00', '2025-01-03T16:15:08', '2025-01-03T16:15:41', NULL, '2025-01-03T16:17:34', N'inbound', N'phone', N'konto', N'abandoned', 0, 0, 0, 0, 1),
    (149, 98, 6, '2025-01-03T16:52:00', '2025-01-03T16:52:04', '2025-01-03T16:52:29', '2025-01-03T16:55:05', '2025-01-03T17:07:05', N'inbound', N'phone', N'konto', N'answered', 0, 0, 0, 1, 0),
    (150, 98, NULL, '2025-01-03T17:13:00', '2025-01-03T17:13:08', '2025-01-03T17:13:43', NULL, '2025-01-03T17:14:56', N'inbound', N'email', N'reklamacja', N'callback_requested', 0, 1, 0, 0, 0),
    (151, 98, 6, '2025-01-03T19:00:56', NULL, NULL, '2025-01-03T19:01:25', '2025-01-03T19:06:25', N'outbound', N'phone', N'reklamacja', N'callback_completed', 0, 0, 1, 1, 0),
    (152, 6, NULL, '2025-01-03T17:31:00', '2025-01-03T17:31:03', NULL, NULL, '2025-01-03T17:32:54', N'inbound', N'phone', N'konto', N'self_service', 1, 0, 0, 0, 0),
    (153, 21, 9, '2025-01-03T18:07:00', '2025-01-03T18:07:06', '2025-01-03T18:08:04', '2025-01-03T18:10:24', '2025-01-03T18:22:24', N'inbound', N'phone', N'dostawa', N'answered', 0, 0, 0, 1, 0),
    (154, 43, 10, '2025-01-03T18:23:00', '2025-01-03T18:23:05', '2025-01-03T18:24:04', '2025-01-03T18:26:20', '2025-01-03T18:37:20', N'inbound', N'phone', N'platnosci', N'answered', 0, 0, 0, 1, 0),
    (155, 93, 13, '2025-01-03T18:46:00', '2025-01-03T18:46:06', '2025-01-03T18:47:27', '2025-01-03T18:51:17', '2025-01-03T19:06:17', N'inbound', N'phone', N'reklamacja', N'answered', 0, 0, 0, 1, 0),
    (156, 25, 7, '2025-01-03T19:10:00', '2025-01-03T19:10:05', '2025-01-03T19:11:05', '2025-01-03T19:13:28', '2025-01-03T19:31:28', N'inbound', N'phone', N'konto', N'answered', 0, 0, 0, 1, 0),
    (157, 67, NULL, '2025-01-03T19:41:00', '2025-01-03T19:41:06', '2025-01-03T19:42:07', NULL, '2025-01-03T19:42:59', N'inbound', N'phone', N'platnosci', N'callback_requested', 0, 1, 0, 0, 0),
    (158, 67, 9, '2025-01-03T21:14:59', NULL, NULL, '2025-01-03T21:15:14', '2025-01-03T21:26:14', N'outbound', N'phone', N'platnosci', N'callback_completed', 0, 0, 1, 1, 0),
    (159, 79, NULL, '2025-01-03T20:15:00', '2025-01-03T20:15:03', '2025-01-03T20:15:54', NULL, '2025-01-03T20:17:30', N'inbound', N'phone', N'techniczne', N'abandoned', 0, 0, 0, 0, 1),
    (160, 99, NULL, '2025-01-03T20:34:00', '2025-01-03T20:34:07', '2025-01-03T20:34:53', NULL, '2025-01-03T20:36:07', N'inbound', N'phone', N'platnosci', N'callback_requested', 0, 1, 0, 0, 0),
    (161, 99, 15, '2025-01-03T22:21:07', NULL, NULL, '2025-01-03T22:21:37', '2025-01-03T22:35:37', N'outbound', N'phone', N'platnosci', N'callback_completed', 0, 0, 1, 1, 0),
    (162, 115, NULL, '2025-01-03T21:02:00', '2025-01-03T21:02:08', '2025-01-03T21:03:12', NULL, '2025-01-03T21:03:52', N'inbound', N'phone', N'reklamacja', N'callback_requested', 0, 1, 0, 0, 0),
    (163, 115, 8, '2025-01-03T22:21:52', NULL, NULL, '2025-01-03T22:22:17', '2025-01-03T22:29:17', N'outbound', N'phone', N'reklamacja', N'callback_completed', 0, 0, 1, 1, 0),
    (164, 18, 4, '2025-01-03T21:18:00', '2025-01-03T21:18:06', '2025-01-03T21:18:56', '2025-01-03T21:21:54', '2025-01-03T21:31:54', N'inbound', N'phone', N'reklamacja', N'answered', 0, 0, 0, 1, 0),
    (165, 88, 15, '2025-01-03T21:44:00', '2025-01-03T21:44:02', '2025-01-03T21:45:32', '2025-01-03T21:47:48', '2025-01-03T22:05:48', N'inbound', N'phone', N'reklamacja', N'answered', 0, 0, 0, 1, 0),
    (166, 117, 1, '2025-01-03T22:07:00', '2025-01-03T22:07:07', '2025-01-03T22:07:56', '2025-01-03T22:12:04', '2025-01-03T22:20:04', N'inbound', N'phone', N'dostawa', N'answered', 0, 0, 0, 1, 0),
    (167, 108, 1, '2025-01-03T22:42:00', '2025-01-03T22:42:08', '2025-01-03T22:43:31', '2025-01-03T22:45:02', '2025-01-03T22:51:02', N'inbound', N'email', N'reklamacja', N'answered', 0, 0, 0, 1, 0),
    (168, 114, 6, '2025-01-03T22:59:00', '2025-01-03T22:59:08', '2025-01-03T23:00:32', '2025-01-03T23:01:28', '2025-01-03T23:18:28', N'inbound', N'phone', N'konto', N'answered', 0, 0, 0, 1, 0),
    (169, 95, NULL, '2025-01-03T23:30:00', '2025-01-03T23:30:08', '2025-01-03T23:31:05', NULL, '2025-01-03T23:34:01', N'inbound', N'phone', N'dostawa', N'abandoned', 0, 0, 0, 0, 1),
    (170, 110, NULL, '2025-01-03T23:57:00', '2025-01-03T23:57:08', '2025-01-03T23:58:22', NULL, '2025-01-03T23:59:04', N'inbound', N'phone', N'dostawa', N'callback_requested', 0, 1, 0, 0, 0),
    (171, 110, 8, '2025-01-04T00:31:04', NULL, NULL, '2025-01-04T00:31:19', '2025-01-04T00:37:19', N'outbound', N'phone', N'dostawa', N'callback_completed', 0, 0, 1, 1, 0),
    (172, 58, NULL, '2025-01-04T00:18:00', '2025-01-04T00:18:04', NULL, NULL, '2025-01-04T00:21:48', N'inbound', N'phone', N'dostawa', N'self_service', 1, 0, 0, 0, 0),
    (173, 60, 12, '2025-01-04T00:44:00', '2025-01-04T00:44:03', '2025-01-04T00:45:14', '2025-01-04T00:48:46', '2025-01-04T01:00:46', N'inbound', N'phone', N'platnosci', N'answered', 0, 0, 0, 1, 0),
    (174, 48, 10, '2025-01-04T01:07:00', '2025-01-04T01:07:03', '2025-01-04T01:07:40', '2025-01-04T01:09:30', '2025-01-04T01:25:30', N'inbound', N'phone', N'konto', N'answered', 0, 0, 0, 1, 0),
    (175, 98, 2, '2025-01-04T01:32:00', '2025-01-04T01:32:07', '2025-01-04T01:32:37', '2025-01-04T01:36:46', '2025-01-04T01:42:46', N'inbound', N'phone', N'dostawa', N'answered', 0, 0, 0, 1, 0),
    (176, 74, 12, '2025-01-04T01:54:00', '2025-01-04T01:54:03', '2025-01-04T01:55:04', '2025-01-04T01:57:48', '2025-01-04T02:15:48', N'inbound', N'phone', N'dostawa', N'answered', 0, 0, 0, 1, 0),
    (177, 104, 9, '2025-01-04T02:16:00', '2025-01-04T02:16:05', '2025-01-04T02:16:41', '2025-01-04T02:18:54', '2025-01-04T02:30:54', N'inbound', N'phone', N'dostawa', N'answered', 0, 0, 0, 1, 0),
    (178, 105, NULL, '2025-01-04T02:40:00', '2025-01-04T02:40:07', '2025-01-04T02:40:54', NULL, '2025-01-04T02:42:53', N'inbound', N'phone', N'dostawa', N'callback_requested', 0, 1, 0, 0, 0),
    (179, 105, 1, '2025-01-04T03:12:53', NULL, NULL, '2025-01-04T03:13:00', '2025-01-04T03:23:00', N'outbound', N'phone', N'dostawa', N'callback_completed', 0, 0, 1, 1, 0),
    (180, 99, NULL, '2025-01-04T03:09:00', '2025-01-04T03:09:08', '2025-01-04T03:10:21', NULL, '2025-01-04T03:11:39', N'inbound', N'email', N'techniczne', N'callback_requested', 0, 1, 0, 0, 0),
    (181, 85, 9, '2025-01-04T03:34:00', '2025-01-04T03:34:07', '2025-01-04T03:35:11', '2025-01-04T03:35:58', '2025-01-04T03:45:58', N'inbound', N'phone', N'faktura', N'answered', 0, 0, 0, 1, 0),
    (182, 60, NULL, '2025-01-04T04:08:00', '2025-01-04T04:08:06', '2025-01-04T04:09:14', NULL, '2025-01-04T04:10:19', N'inbound', N'phone', N'reklamacja', N'callback_requested', 0, 1, 0, 0, 0),
    (183, 60, 15, '2025-01-04T05:08:19', NULL, NULL, '2025-01-04T05:08:47', '2025-01-04T05:12:47', N'outbound', N'phone', N'reklamacja', N'callback_completed', 0, 0, 1, 1, 0),
    (184, 31, 12, '2025-01-04T04:26:00', '2025-01-04T04:26:02', '2025-01-04T04:26:34', '2025-01-04T04:30:32', '2025-01-04T04:34:32', N'inbound', N'phone', N'dostawa', N'answered', 0, 0, 0, 1, 0),
    (185, 57, 4, '2025-01-04T04:52:00', '2025-01-04T04:52:06', '2025-01-04T04:52:53', '2025-01-04T04:56:36', '2025-01-04T05:09:36', N'inbound', N'phone', N'faktura', N'answered', 0, 0, 0, 1, 0),
    (186, 39, NULL, '2025-01-04T05:14:00', '2025-01-04T05:14:07', '2025-01-04T05:15:33', NULL, '2025-01-04T05:18:15', N'inbound', N'phone', N'reklamacja', N'abandoned', 0, 0, 0, 0, 1),
    (187, 76, 11, '2025-01-04T05:40:00', '2025-01-04T05:40:07', '2025-01-04T05:41:21', '2025-01-04T05:44:27', '2025-01-04T05:59:27', N'inbound', N'phone', N'dostawa', N'answered', 0, 0, 0, 1, 0),
    (188, 53, NULL, '2025-01-04T06:04:00', '2025-01-04T06:04:04', '2025-01-04T06:05:12', NULL, '2025-01-04T06:06:10', N'inbound', N'phone', N'reklamacja', N'callback_requested', 0, 1, 0, 0, 0),
    (189, 118, NULL, '2025-01-04T06:26:00', '2025-01-04T06:26:06', NULL, NULL, '2025-01-04T06:28:50', N'inbound', N'phone', N'konto', N'self_service', 1, 0, 0, 0, 0),
    (190, 119, 1, '2025-01-04T07:04:00', '2025-01-04T07:04:08', '2025-01-04T07:05:15', '2025-01-04T07:06:38', '2025-01-04T07:21:38', N'inbound', N'phone', N'faktura', N'answered', 0, 0, 0, 1, 0),
    (191, 112, 5, '2025-01-04T07:17:00', '2025-01-04T07:17:03', '2025-01-04T07:17:50', '2025-01-04T07:22:09', '2025-01-04T07:25:09', N'inbound', N'phone', N'konto', N'answered', 0, 0, 0, 1, 0),
    (192, 96, 7, '2025-01-04T07:55:00', '2025-01-04T07:55:03', '2025-01-04T07:55:49', '2025-01-04T07:58:03', '2025-01-04T08:12:03', N'inbound', N'email', N'konto', N'answered', 0, 0, 0, 1, 0),
    (193, 60, NULL, '2025-01-04T08:08:00', '2025-01-04T08:08:08', '2025-01-04T08:09:28', NULL, '2025-01-04T08:10:03', N'inbound', N'email', N'techniczne', N'callback_requested', 0, 1, 0, 0, 0),
    (194, 60, 4, '2025-01-04T09:54:03', NULL, NULL, '2025-01-04T09:54:31', '2025-01-04T09:59:31', N'outbound', N'phone', N'techniczne', N'callback_completed', 0, 0, 1, 1, 0),
    (195, 38, 8, '2025-01-04T08:34:00', '2025-01-04T08:34:03', '2025-01-04T08:35:05', '2025-01-04T08:37:40', '2025-01-04T08:50:40', N'inbound', N'phone', N'reklamacja', N'answered', 0, 0, 0, 1, 0),
    (196, 59, 3, '2025-01-04T09:00:00', '2025-01-04T09:00:07', '2025-01-04T09:01:12', '2025-01-04T09:05:21', '2025-01-04T09:09:21', N'inbound', N'phone', N'reklamacja', N'answered', 0, 0, 0, 1, 0),
    (197, 108, NULL, '2025-01-04T09:27:00', '2025-01-04T09:27:02', '2025-01-04T09:27:41', NULL, '2025-01-04T09:28:18', N'inbound', N'phone', N'faktura', N'callback_requested', 0, 1, 0, 0, 0),
    (198, 63, NULL, '2025-01-04T09:45:00', '2025-01-04T09:45:02', NULL, NULL, '2025-01-04T09:48:02', N'inbound', N'phone', N'dostawa', N'self_service', 1, 0, 0, 0, 0),
    (199, 65, NULL, '2025-01-04T10:23:00', '2025-01-04T10:23:08', '2025-01-04T10:23:50', NULL, '2025-01-04T10:26:48', N'inbound', N'chat', N'faktura', N'abandoned', 0, 0, 0, 0, 1),
    (200, 68, NULL, '2025-01-04T10:43:00', '2025-01-04T10:43:08', NULL, NULL, '2025-01-04T10:47:15', N'inbound', N'phone', N'techniczne', N'self_service', 1, 0, 0, 0, 0);

INSERT INTO dbo.calls (call_id, customer_id, agent_id, start_time, ivr_start_time, queue_start_time, answer_time, end_time, direction, channel, ivr_topic, call_outcome, is_self_service, is_callback_chosen, is_callback_realized, is_answered_by_agent, is_abandoned_in_queue) VALUES
    (201, 88, NULL, '2025-01-04T11:02:00', '2025-01-04T11:02:07', '2025-01-04T11:02:31', NULL, '2025-01-04T11:04:01', N'inbound', N'phone', N'faktura', N'callback_requested', 0, 1, 0, 0, 0),
    (202, 88, 1, '2025-01-04T11:36:01', NULL, NULL, '2025-01-04T11:36:28', '2025-01-04T11:41:28', N'outbound', N'phone', N'faktura', N'callback_completed', 0, 0, 1, 1, 0),
    (203, 73, 15, '2025-01-04T11:28:00', '2025-01-04T11:28:06', '2025-01-04T11:28:31', '2025-01-04T11:31:11', '2025-01-04T11:49:11', N'inbound', N'phone', N'reklamacja', N'answered', 0, 0, 0, 1, 0),
    (204, 23, 14, '2025-01-04T12:00:00', '2025-01-04T12:00:02', '2025-01-04T12:00:48', '2025-01-04T12:02:44', '2025-01-04T12:07:44', N'inbound', N'phone', N'dostawa', N'answered', 0, 0, 0, 1, 0),
    (205, 73, 13, '2025-01-04T12:27:00', '2025-01-04T12:27:07', '2025-01-04T12:28:36', '2025-01-04T12:31:47', '2025-01-04T12:36:47', N'inbound', N'phone', N'techniczne', N'answered', 0, 0, 0, 1, 0),
    (206, 99, 8, '2025-01-04T12:52:00', '2025-01-04T12:52:08', '2025-01-04T12:53:09', '2025-01-04T12:55:29', '2025-01-04T13:05:29', N'inbound', N'phone', N'faktura', N'answered', 0, 0, 0, 1, 0),
    (207, 24, NULL, '2025-01-04T13:17:00', '2025-01-04T13:17:02', NULL, NULL, '2025-01-04T13:19:00', N'inbound', N'phone', N'reklamacja', N'self_service', 1, 0, 0, 0, 0),
    (208, 41, NULL, '2025-01-04T13:41:00', '2025-01-04T13:41:02', '2025-01-04T13:41:33', NULL, '2025-01-04T13:42:37', N'inbound', N'email', N'faktura', N'callback_requested', 0, 1, 0, 0, 0),
    (209, 41, 2, '2025-01-04T14:04:37', NULL, NULL, '2025-01-04T14:04:47', '2025-01-04T14:13:47', N'outbound', N'phone', N'faktura', N'callback_completed', 0, 0, 1, 1, 0),
    (210, 14, 6, '2025-01-04T13:55:00', '2025-01-04T13:55:02', '2025-01-04T13:56:07', '2025-01-04T14:00:03', '2025-01-04T14:15:03', N'inbound', N'phone', N'dostawa', N'answered', 0, 0, 0, 1, 0),
    (211, 100, 3, '2025-01-04T14:22:00', '2025-01-04T14:22:07', '2025-01-04T14:22:58', '2025-01-04T14:23:48', '2025-01-04T14:34:48', N'inbound', N'phone', N'dostawa', N'answered', 0, 0, 0, 1, 0),
    (212, 9, 6, '2025-01-04T14:50:00', '2025-01-04T14:50:05', '2025-01-04T14:51:00', '2025-01-04T14:52:19', '2025-01-04T15:02:19', N'inbound', N'phone', N'konto', N'answered', 0, 0, 0, 1, 0),
    (213, 59, 7, '2025-01-04T15:13:00', '2025-01-04T15:13:03', '2025-01-04T15:14:01', '2025-01-04T15:17:41', '2025-01-04T15:30:41', N'inbound', N'email', N'faktura', N'answered', 0, 0, 0, 1, 0),
    (214, 39, 6, '2025-01-04T15:45:00', '2025-01-04T15:45:06', '2025-01-04T15:45:51', '2025-01-04T15:47:20', '2025-01-04T16:05:20', N'inbound', N'phone', N'konto', N'answered', 0, 0, 0, 1, 0),
    (215, 49, 10, '2025-01-04T16:08:00', '2025-01-04T16:08:08', '2025-01-04T16:09:18', '2025-01-04T16:11:52', '2025-01-04T16:19:52', N'inbound', N'phone', N'techniczne', N'answered', 0, 0, 0, 1, 0),
    (216, 57, NULL, '2025-01-04T16:34:00', '2025-01-04T16:34:08', NULL, NULL, '2025-01-04T16:37:23', N'inbound', N'phone', N'konto', N'self_service', 1, 0, 0, 0, 0),
    (217, 102, NULL, '2025-01-04T17:02:00', '2025-01-04T17:02:02', '2025-01-04T17:03:19', NULL, '2025-01-04T17:04:53', N'inbound', N'phone', N'dostawa', N'callback_requested', 0, 1, 0, 0, 0),
    (218, 102, 1, '2025-01-04T18:19:53', NULL, NULL, '2025-01-04T18:20:23', '2025-01-04T18:28:23', N'outbound', N'phone', N'dostawa', N'callback_completed', 0, 0, 1, 1, 0),
    (219, 14, NULL, '2025-01-04T17:22:00', '2025-01-04T17:22:07', NULL, NULL, '2025-01-04T17:26:11', N'inbound', N'phone', N'reklamacja', N'self_service', 1, 0, 0, 0, 0),
    (220, 2, 12, '2025-01-04T17:43:00', '2025-01-04T17:43:04', '2025-01-04T17:43:52', '2025-01-04T17:46:34', '2025-01-04T17:56:34', N'inbound', N'phone', N'dostawa', N'answered', 0, 0, 0, 1, 0),
    (221, 99, NULL, '2025-01-04T18:09:00', '2025-01-04T18:09:04', '2025-01-04T18:09:27', NULL, '2025-01-04T18:10:07', N'inbound', N'phone', N'konto', N'callback_requested', 0, 1, 0, 0, 0),
    (222, 99, 12, '2025-01-04T18:55:07', NULL, NULL, '2025-01-04T18:55:16', '2025-01-04T19:03:16', N'outbound', N'phone', N'konto', N'callback_completed', 0, 0, 1, 1, 0),
    (223, 67, 6, '2025-01-04T18:45:00', '2025-01-04T18:45:04', '2025-01-04T18:46:24', '2025-01-04T18:46:56', '2025-01-04T18:58:56', N'inbound', N'phone', N'faktura', N'answered', 0, 0, 0, 1, 0),
    (224, 109, 12, '2025-01-04T19:05:00', '2025-01-04T19:05:07', '2025-01-04T19:05:40', '2025-01-04T19:06:57', '2025-01-04T19:14:57', N'inbound', N'phone', N'platnosci', N'answered', 0, 0, 0, 1, 0),
    (225, 60, 7, '2025-01-04T19:27:00', '2025-01-04T19:27:08', '2025-01-04T19:28:19', '2025-01-04T19:30:15', '2025-01-04T19:33:15', N'inbound', N'phone', N'platnosci', N'answered', 0, 0, 0, 1, 0),
    (226, 76, NULL, '2025-01-04T19:58:00', '2025-01-04T19:58:05', '2025-01-04T19:58:25', NULL, '2025-01-04T20:01:45', N'inbound', N'phone', N'platnosci', N'abandoned', 0, 0, 0, 0, 1),
    (227, 104, NULL, '2025-01-04T20:12:00', '2025-01-04T20:12:06', '2025-01-04T20:12:39', NULL, '2025-01-04T20:14:07', N'inbound', N'phone', N'dostawa', N'callback_requested', 0, 1, 0, 0, 0),
    (228, 104, 11, '2025-01-04T20:41:07', NULL, NULL, '2025-01-04T20:41:27', '2025-01-04T20:52:27', N'outbound', N'phone', N'dostawa', N'callback_completed', 0, 0, 1, 1, 0),
    (229, 79, NULL, '2025-01-04T20:47:00', '2025-01-04T20:47:06', '2025-01-04T20:47:40', NULL, '2025-01-04T20:48:32', N'inbound', N'phone', N'techniczne', N'callback_requested', 0, 1, 0, 0, 0),
    (230, 76, NULL, '2025-01-04T21:02:00', '2025-01-04T21:02:07', '2025-01-04T21:02:44', NULL, '2025-01-04T21:03:37', N'inbound', N'phone', N'techniczne', N'callback_requested', 0, 1, 0, 0, 0),
    (231, 76, 3, '2025-01-04T22:17:37', NULL, NULL, '2025-01-04T22:17:58', '2025-01-04T22:26:58', N'outbound', N'phone', N'techniczne', N'callback_completed', 0, 0, 1, 1, 0),
    (232, 69, NULL, '2025-01-04T21:30:00', '2025-01-04T21:30:06', '2025-01-04T21:30:47', NULL, '2025-01-04T21:33:02', N'inbound', N'phone', N'konto', N'abandoned', 0, 0, 0, 0, 1),
    (233, 80, NULL, '2025-01-04T21:51:00', '2025-01-04T21:51:08', '2025-01-04T21:52:13', NULL, '2025-01-04T21:54:11', N'inbound', N'phone', N'faktura', N'abandoned', 0, 0, 0, 0, 1),
    (234, 72, NULL, '2025-01-04T22:30:00', '2025-01-04T22:30:05', '2025-01-04T22:31:27', NULL, '2025-01-04T22:32:18', N'inbound', N'phone', N'konto', N'callback_requested', 0, 1, 0, 0, 0),
    (235, 38, 10, '2025-01-04T22:41:00', '2025-01-04T22:41:04', '2025-01-04T22:41:52', '2025-01-04T22:45:17', '2025-01-04T23:03:17', N'inbound', N'phone', N'dostawa', N'answered', 0, 0, 0, 1, 0),
    (236, 35, NULL, '2025-01-04T23:16:00', '2025-01-04T23:16:06', '2025-01-04T23:16:31', NULL, '2025-01-04T23:18:39', N'inbound', N'phone', N'platnosci', N'abandoned', 0, 0, 0, 0, 1),
    (237, 14, 2, '2025-01-04T23:37:00', '2025-01-04T23:37:04', '2025-01-04T23:37:28', '2025-01-04T23:39:35', '2025-01-04T23:45:35', N'inbound', N'phone', N'konto', N'answered', 0, 0, 0, 1, 0),
    (238, 104, 14, '2025-01-05T00:06:00', '2025-01-05T00:06:08', '2025-01-05T00:07:22', '2025-01-05T00:08:29', '2025-01-05T00:12:29', N'inbound', N'phone', N'reklamacja', N'answered', 0, 0, 0, 1, 0),
    (239, 91, NULL, '2025-01-05T00:29:00', '2025-01-05T00:29:04', NULL, NULL, '2025-01-05T00:33:14', N'inbound', N'chat', N'dostawa', N'self_service', 1, 0, 0, 0, 0),
    (240, 90, NULL, '2025-01-05T00:49:00', '2025-01-05T00:49:03', '2025-01-05T00:49:41', NULL, '2025-01-05T00:52:54', N'inbound', N'phone', N'platnosci', N'abandoned', 0, 0, 0, 0, 1),
    (241, 51, NULL, '2025-01-05T01:25:00', '2025-01-05T01:25:03', '2025-01-05T01:25:57', NULL, '2025-01-05T01:27:48', N'inbound', N'phone', N'platnosci', N'callback_requested', 0, 1, 0, 0, 0),
    (242, 66, 14, '2025-01-05T01:43:00', '2025-01-05T01:43:07', '2025-01-05T01:44:14', '2025-01-05T01:47:47', '2025-01-05T01:52:47', N'inbound', N'email', N'konto', N'answered', 0, 0, 0, 1, 0),
    (243, 109, NULL, '2025-01-05T02:02:00', '2025-01-05T02:02:08', '2025-01-05T02:03:36', NULL, '2025-01-05T02:04:33', N'inbound', N'phone', N'konto', N'callback_requested', 0, 1, 0, 0, 0),
    (244, 109, 6, '2025-01-05T03:20:33', NULL, NULL, '2025-01-05T03:20:47', '2025-01-05T03:28:47', N'outbound', N'phone', N'konto', N'callback_completed', 0, 0, 1, 1, 0),
    (245, 101, 8, '2025-01-05T02:35:00', '2025-01-05T02:35:07', '2025-01-05T02:35:33', '2025-01-05T02:35:52', '2025-01-05T02:41:52', N'inbound', N'phone', N'faktura', N'answered', 0, 0, 0, 1, 0),
    (246, 59, NULL, '2025-01-05T02:50:00', '2025-01-05T02:50:05', '2025-01-05T02:50:50', NULL, '2025-01-05T02:52:20', N'inbound', N'email', N'platnosci', N'abandoned', 0, 0, 0, 0, 1),
    (247, 12, 1, '2025-01-05T03:26:00', '2025-01-05T03:26:04', '2025-01-05T03:26:34', '2025-01-05T03:28:30', '2025-01-05T03:40:30', N'inbound', N'phone', N'techniczne', N'answered', 0, 0, 0, 1, 0),
    (248, 1, 8, '2025-01-05T03:46:00', '2025-01-05T03:46:05', '2025-01-05T03:46:34', '2025-01-05T03:46:51', '2025-01-05T03:49:51', N'inbound', N'phone', N'reklamacja', N'answered', 0, 0, 0, 1, 0),
    (249, 62, NULL, '2025-01-05T04:07:00', '2025-01-05T04:07:03', NULL, NULL, '2025-01-05T04:10:23', N'inbound', N'phone', N'faktura', N'self_service', 1, 0, 0, 0, 0),
    (250, 49, NULL, '2025-01-05T04:34:00', '2025-01-05T04:34:07', NULL, NULL, '2025-01-05T04:36:11', N'inbound', N'phone', N'faktura', N'self_service', 1, 0, 0, 0, 0),
    (251, 118, NULL, '2025-01-05T05:08:00', '2025-01-05T05:08:06', NULL, NULL, '2025-01-05T05:09:49', N'inbound', N'phone', N'reklamacja', N'self_service', 1, 0, 0, 0, 0),
    (252, 102, 10, '2025-01-05T05:24:00', '2025-01-05T05:24:03', '2025-01-05T05:24:58', '2025-01-05T05:28:17', '2025-01-05T05:40:17', N'inbound', N'phone', N'platnosci', N'answered', 0, 0, 0, 1, 0),
    (253, 27, 13, '2025-01-05T05:51:00', '2025-01-05T05:51:07', '2025-01-05T05:52:17', '2025-01-05T05:56:36', '2025-01-05T06:06:36', N'inbound', N'phone', N'techniczne', N'answered', 0, 0, 0, 1, 0),
    (254, 68, 7, '2025-01-05T06:10:00', '2025-01-05T06:10:04', '2025-01-05T06:11:04', '2025-01-05T06:12:52', '2025-01-05T06:20:52', N'inbound', N'phone', N'reklamacja', N'answered', 0, 0, 0, 1, 0),
    (255, 2, 11, '2025-01-05T06:43:00', '2025-01-05T06:43:03', '2025-01-05T06:43:28', '2025-01-05T06:46:45', '2025-01-05T07:02:45', N'inbound', N'email', N'faktura', N'answered', 0, 0, 0, 1, 0),
    (256, 82, 13, '2025-01-05T07:04:00', '2025-01-05T07:04:04', '2025-01-05T07:04:34', '2025-01-05T07:05:28', '2025-01-05T07:18:28', N'inbound', N'phone', N'techniczne', N'answered', 0, 0, 0, 1, 0),
    (257, 40, 2, '2025-01-05T07:38:00', '2025-01-05T07:38:07', '2025-01-05T07:38:57', '2025-01-05T07:41:08', '2025-01-05T07:45:08', N'inbound', N'phone', N'faktura', N'answered', 0, 0, 0, 1, 0),
    (258, 16, 6, '2025-01-05T07:50:00', '2025-01-05T07:50:07', '2025-01-05T07:50:44', '2025-01-05T07:53:12', '2025-01-05T08:04:12', N'inbound', N'phone', N'platnosci', N'answered', 0, 0, 0, 1, 0),
    (259, 94, NULL, '2025-01-05T08:18:00', '2025-01-05T08:18:08', '2025-01-05T08:18:31', NULL, '2025-01-05T08:19:07', N'inbound', N'phone', N'techniczne', N'abandoned', 0, 0, 0, 0, 1),
    (260, 34, 10, '2025-01-05T08:42:00', '2025-01-05T08:42:05', '2025-01-05T08:43:23', '2025-01-05T08:44:20', '2025-01-05T08:58:20', N'inbound', N'phone', N'dostawa', N'answered', 0, 0, 0, 1, 0),
    (261, 30, NULL, '2025-01-05T09:05:00', '2025-01-05T09:05:02', '2025-01-05T09:05:23', NULL, '2025-01-05T09:06:12', N'inbound', N'phone', N'reklamacja', N'callback_requested', 0, 1, 0, 0, 0),
    (262, 30, 14, '2025-01-05T10:02:12', NULL, NULL, '2025-01-05T10:02:18', '2025-01-05T10:13:18', N'outbound', N'phone', N'reklamacja', N'callback_completed', 0, 0, 1, 1, 0),
    (263, 32, 2, '2025-01-05T09:43:00', '2025-01-05T09:43:07', '2025-01-05T09:44:07', '2025-01-05T09:46:30', '2025-01-05T09:50:30', N'inbound', N'phone', N'techniczne', N'answered', 0, 0, 0, 1, 0),
    (264, 9, 1, '2025-01-05T10:09:00', '2025-01-05T10:09:08', '2025-01-05T10:10:04', '2025-01-05T10:11:53', '2025-01-05T10:20:53', N'inbound', N'phone', N'techniczne', N'answered', 0, 0, 0, 1, 0),
    (265, 60, 13, '2025-01-05T10:31:00', '2025-01-05T10:31:06', '2025-01-05T10:32:29', '2025-01-05T10:33:46', '2025-01-05T10:40:46', N'inbound', N'phone', N'reklamacja', N'answered', 0, 0, 0, 1, 0),
    (266, 82, 5, '2025-01-05T10:45:00', '2025-01-05T10:45:04', '2025-01-05T10:45:24', '2025-01-05T10:46:05', '2025-01-05T10:55:05', N'inbound', N'phone', N'platnosci', N'answered', 0, 0, 0, 1, 0),
    (267, 63, NULL, '2025-01-05T11:11:00', '2025-01-05T11:11:03', '2025-01-05T11:11:58', NULL, '2025-01-05T11:14:31', N'inbound', N'phone', N'faktura', N'abandoned', 0, 0, 0, 0, 1),
    (268, 53, NULL, '2025-01-05T11:46:00', '2025-01-05T11:46:05', NULL, NULL, '2025-01-05T11:50:06', N'inbound', N'phone', N'dostawa', N'self_service', 1, 0, 0, 0, 0),
    (269, 56, 7, '2025-01-05T12:04:00', '2025-01-05T12:04:03', '2025-01-05T12:05:00', '2025-01-05T12:08:14', '2025-01-05T12:21:14', N'inbound', N'phone', N'techniczne', N'answered', 0, 0, 0, 1, 0),
    (270, 14, 13, '2025-01-05T12:30:00', '2025-01-05T12:30:05', '2025-01-05T12:31:24', '2025-01-05T12:32:32', '2025-01-05T12:49:32', N'inbound', N'phone', N'techniczne', N'answered', 0, 0, 0, 1, 0),
    (271, 91, NULL, '2025-01-05T12:51:00', '2025-01-05T12:51:03', '2025-01-05T12:52:04', NULL, '2025-01-05T12:53:55', N'inbound', N'phone', N'reklamacja', N'abandoned', 0, 0, 0, 0, 1),
    (272, 51, NULL, '2025-01-05T13:16:00', '2025-01-05T13:16:07', '2025-01-05T13:17:05', NULL, '2025-01-05T13:19:08', N'inbound', N'phone', N'techniczne', N'abandoned', 0, 0, 0, 0, 1),
    (273, 110, NULL, '2025-01-05T13:54:00', '2025-01-05T13:54:06', NULL, NULL, '2025-01-05T13:55:57', N'inbound', N'phone', N'reklamacja', N'self_service', 1, 0, 0, 0, 0),
    (274, 17, 2, '2025-01-05T14:11:00', '2025-01-05T14:11:08', '2025-01-05T14:12:19', '2025-01-05T14:15:03', '2025-01-05T14:26:03', N'inbound', N'phone', N'techniczne', N'answered', 0, 0, 0, 1, 0),
    (275, 104, NULL, '2025-01-05T14:34:00', '2025-01-05T14:34:02', '2025-01-05T14:35:04', NULL, '2025-01-05T14:35:55', N'inbound', N'phone', N'faktura', N'callback_requested', 0, 1, 0, 0, 0),
    (276, 51, NULL, '2025-01-05T15:10:00', '2025-01-05T15:10:02', '2025-01-05T15:11:10', NULL, '2025-01-05T15:12:03', N'inbound', N'phone', N'platnosci', N'callback_requested', 0, 1, 0, 0, 0),
    (277, 51, 8, '2025-01-05T16:00:03', NULL, NULL, '2025-01-05T16:00:12', '2025-01-05T16:03:12', N'outbound', N'phone', N'platnosci', N'callback_completed', 0, 0, 1, 1, 0),
    (278, 83, NULL, '2025-01-05T15:29:00', '2025-01-05T15:29:05', NULL, NULL, '2025-01-05T15:33:01', N'inbound', N'phone', N'dostawa', N'self_service', 1, 0, 0, 0, 0),
    (279, 81, NULL, '2025-01-05T15:45:00', '2025-01-05T15:45:05', '2025-01-05T15:46:10', NULL, '2025-01-05T15:47:52', N'inbound', N'phone', N'konto', N'callback_requested', 0, 1, 0, 0, 0),
    (280, 35, 13, '2025-01-05T16:15:00', '2025-01-05T16:15:02', '2025-01-05T16:16:02', '2025-01-05T16:17:28', '2025-01-05T16:21:28', N'inbound', N'phone', N'dostawa', N'answered', 0, 0, 0, 1, 0),
    (281, 99, NULL, '2025-01-05T16:42:00', '2025-01-05T16:42:03', '2025-01-05T16:42:35', NULL, '2025-01-05T16:46:03', N'inbound', N'phone', N'reklamacja', N'abandoned', 0, 0, 0, 0, 1),
    (282, 8, NULL, '2025-01-05T17:07:00', '2025-01-05T17:07:06', '2025-01-05T17:08:15', NULL, '2025-01-05T17:11:06', N'inbound', N'chat', N'techniczne', N'abandoned', 0, 0, 0, 0, 1),
    (283, 41, 10, '2025-01-05T17:36:00', '2025-01-05T17:36:06', '2025-01-05T17:36:29', '2025-01-05T17:37:20', '2025-01-05T17:46:20', N'inbound', N'phone', N'platnosci', N'answered', 0, 0, 0, 1, 0),
    (284, 23, NULL, '2025-01-05T18:05:00', '2025-01-05T18:05:02', '2025-01-05T18:05:33', NULL, '2025-01-05T18:08:07', N'inbound', N'phone', N'faktura', N'abandoned', 0, 0, 0, 0, 1),
    (285, 62, NULL, '2025-01-05T18:15:00', '2025-01-05T18:15:04', '2025-01-05T18:15:49', NULL, '2025-01-05T18:17:31', N'inbound', N'phone', N'reklamacja', N'abandoned', 0, 0, 0, 0, 1),
    (286, 8, 2, '2025-01-05T18:40:00', '2025-01-05T18:40:03', '2025-01-05T18:40:41', '2025-01-05T18:42:31', '2025-01-05T18:57:31', N'inbound', N'phone', N'faktura', N'answered', 0, 0, 0, 1, 0),
    (287, 42, NULL, '2025-01-05T19:09:00', '2025-01-05T19:09:03', '2025-01-05T19:10:18', NULL, '2025-01-05T19:13:01', N'inbound', N'email', N'platnosci', N'abandoned', 0, 0, 0, 0, 1),
    (288, 89, 3, '2025-01-05T19:41:00', '2025-01-05T19:41:03', '2025-01-05T19:41:45', '2025-01-05T19:42:45', '2025-01-05T19:45:45', N'inbound', N'phone', N'konto', N'answered', 0, 0, 0, 1, 0),
    (289, 109, 15, '2025-01-05T19:56:00', '2025-01-05T19:56:03', '2025-01-05T19:57:03', '2025-01-05T19:59:25', '2025-01-05T20:06:25', N'inbound', N'phone', N'dostawa', N'answered', 0, 0, 0, 1, 0),
    (290, 45, 6, '2025-01-05T20:30:00', '2025-01-05T20:30:03', '2025-01-05T20:30:34', '2025-01-05T20:32:43', '2025-01-05T20:35:43', N'inbound', N'phone', N'platnosci', N'answered', 0, 0, 0, 1, 0),
    (291, 45, NULL, '2025-01-05T20:53:00', '2025-01-05T20:53:08', '2025-01-05T20:53:41', NULL, '2025-01-05T20:55:04', N'inbound', N'phone', N'platnosci', N'callback_requested', 0, 1, 0, 0, 0),
    (292, 45, 7, '2025-01-05T21:49:04', NULL, NULL, '2025-01-05T21:49:24', '2025-01-05T21:58:24', N'outbound', N'phone', N'platnosci', N'callback_completed', 0, 0, 1, 1, 0),
    (293, 107, 1, '2025-01-05T21:25:00', '2025-01-05T21:25:08', '2025-01-05T21:25:56', '2025-01-05T21:27:26', '2025-01-05T21:30:26', N'inbound', N'phone', N'reklamacja', N'answered', 0, 0, 0, 1, 0),
    (294, 22, NULL, '2025-01-05T21:47:00', '2025-01-05T21:47:03', '2025-01-05T21:47:32', NULL, '2025-01-05T21:49:20', N'inbound', N'chat', N'dostawa', N'callback_requested', 0, 1, 0, 0, 0),
    (295, 22, 1, '2025-01-05T23:17:20', NULL, NULL, '2025-01-05T23:17:38', '2025-01-05T23:30:38', N'outbound', N'phone', N'dostawa', N'callback_completed', 0, 0, 1, 1, 0),
    (296, 7, 15, '2025-01-05T22:03:00', '2025-01-05T22:03:04', '2025-01-05T22:03:50', '2025-01-05T22:07:11', '2025-01-05T22:18:11', N'inbound', N'phone', N'reklamacja', N'answered', 0, 0, 0, 1, 0),
    (297, 47, 8, '2025-01-05T22:25:00', '2025-01-05T22:25:05', '2025-01-05T22:25:36', '2025-01-05T22:26:42', '2025-01-05T22:32:42', N'inbound', N'phone', N'techniczne', N'answered', 0, 0, 0, 1, 0),
    (298, 101, 7, '2025-01-05T23:02:00', '2025-01-05T23:02:05', '2025-01-05T23:03:27', '2025-01-05T23:04:29', '2025-01-05T23:18:29', N'inbound', N'phone', N'platnosci', N'answered', 0, 0, 0, 1, 0),
    (299, 58, 10, '2025-01-05T23:16:00', '2025-01-05T23:16:04', '2025-01-05T23:17:20', '2025-01-05T23:17:50', '2025-01-05T23:24:50', N'inbound', N'phone', N'konto', N'answered', 0, 0, 0, 1, 0),
    (300, 11, 14, '2025-01-05T23:51:00', '2025-01-05T23:51:08', '2025-01-05T23:52:37', '2025-01-05T23:54:31', '2025-01-06T00:10:31', N'inbound', N'chat', N'konto', N'answered', 0, 0, 0, 1, 0),
    (301, 61, 9, '2025-01-06T00:14:00', '2025-01-06T00:14:02', '2025-01-06T00:15:12', '2025-01-06T00:18:51', '2025-01-06T00:25:51', N'inbound', N'phone', N'platnosci', N'answered', 0, 0, 0, 1, 0),
    (302, 22, NULL, '2025-01-06T00:36:00', '2025-01-06T00:36:08', NULL, NULL, '2025-01-06T00:40:30', N'inbound', N'phone', N'reklamacja', N'self_service', 1, 0, 0, 0, 0),
    (303, 41, NULL, '2025-01-06T00:57:00', '2025-01-06T00:57:02', '2025-01-06T00:58:11', NULL, '2025-01-06T00:59:16', N'inbound', N'phone', N'dostawa', N'callback_requested', 0, 1, 0, 0, 0),
    (304, 41, 15, '2025-01-06T02:24:16', NULL, NULL, '2025-01-06T02:24:21', '2025-01-06T02:38:21', N'outbound', N'phone', N'dostawa', N'callback_completed', 0, 0, 1, 1, 0),
    (305, 15, 2, '2025-01-06T01:33:00', '2025-01-06T01:33:03', '2025-01-06T01:33:41', '2025-01-06T01:37:52', '2025-01-06T01:43:52', N'inbound', N'phone', N'dostawa', N'answered', 0, 0, 0, 1, 0),
    (306, 112, 8, '2025-01-06T01:56:00', '2025-01-06T01:56:05', '2025-01-06T01:56:58', '2025-01-06T01:57:22', '2025-01-06T02:05:22', N'inbound', N'phone', N'konto', N'answered', 0, 0, 0, 1, 0),
    (307, 5, 15, '2025-01-06T02:22:00', '2025-01-06T02:22:04', '2025-01-06T02:22:54', '2025-01-06T02:24:44', '2025-01-06T02:27:44', N'inbound', N'phone', N'faktura', N'answered', 0, 0, 0, 1, 0),
    (308, 36, 8, '2025-01-06T02:50:00', '2025-01-06T02:50:08', '2025-01-06T02:50:40', '2025-01-06T02:54:13', '2025-01-06T03:07:13', N'inbound', N'phone', N'reklamacja', N'answered', 0, 0, 0, 1, 0),
    (309, 25, 6, '2025-01-06T03:14:00', '2025-01-06T03:14:03', '2025-01-06T03:15:15', '2025-01-06T03:19:00', '2025-01-06T03:23:00', N'inbound', N'phone', N'platnosci', N'answered', 0, 0, 0, 1, 0),
    (310, 40, NULL, '2025-01-06T03:37:00', '2025-01-06T03:37:03', '2025-01-06T03:38:30', NULL, '2025-01-06T03:39:41', N'inbound', N'phone', N'dostawa', N'abandoned', 0, 0, 0, 0, 1),
    (311, 108, NULL, '2025-01-06T03:51:00', '2025-01-06T03:51:03', '2025-01-06T03:51:27', NULL, '2025-01-06T03:52:22', N'inbound', N'phone', N'konto', N'callback_requested', 0, 1, 0, 0, 0),
    (312, 108, 14, '2025-01-06T04:43:22', NULL, NULL, '2025-01-06T04:43:41', '2025-01-06T04:54:41', N'outbound', N'phone', N'konto', N'callback_completed', 0, 0, 1, 1, 0),
    (313, 31, 6, '2025-01-06T04:26:00', '2025-01-06T04:26:05', '2025-01-06T04:27:22', '2025-01-06T04:29:05', '2025-01-06T04:37:05', N'inbound', N'email', N'reklamacja', N'answered', 0, 0, 0, 1, 0),
    (314, 4, NULL, '2025-01-06T04:52:00', '2025-01-06T04:52:02', '2025-01-06T04:52:42', NULL, '2025-01-06T04:53:58', N'inbound', N'phone', N'dostawa', N'abandoned', 0, 0, 0, 0, 1),
    (315, 83, 14, '2025-01-06T05:12:00', '2025-01-06T05:12:07', '2025-01-06T05:12:53', '2025-01-06T05:16:27', '2025-01-06T05:19:27', N'inbound', N'phone', N'techniczne', N'answered', 0, 0, 0, 1, 0),
    (316, 91, NULL, '2025-01-06T05:38:00', '2025-01-06T05:38:05', '2025-01-06T05:39:13', NULL, '2025-01-06T05:40:50', N'inbound', N'phone', N'techniczne', N'abandoned', 0, 0, 0, 0, 1),
    (317, 87, 14, '2025-01-06T06:07:00', '2025-01-06T06:07:06', '2025-01-06T06:07:39', '2025-01-06T06:11:28', '2025-01-06T06:25:28', N'inbound', N'phone', N'faktura', N'answered', 0, 0, 0, 1, 0),
    (318, 39, 5, '2025-01-06T06:23:00', '2025-01-06T06:23:05', '2025-01-06T06:23:33', '2025-01-06T06:26:35', '2025-01-06T06:38:35', N'inbound', N'email', N'techniczne', N'answered', 0, 0, 0, 1, 0),
    (319, 104, NULL, '2025-01-06T06:57:00', '2025-01-06T06:57:07', NULL, NULL, '2025-01-06T07:02:01', N'inbound', N'phone', N'platnosci', N'self_service', 1, 0, 0, 0, 0),
    (320, 52, 4, '2025-01-06T07:22:00', '2025-01-06T07:22:07', '2025-01-06T07:22:31', '2025-01-06T07:24:13', '2025-01-06T07:34:13', N'inbound', N'phone', N'dostawa', N'answered', 0, 0, 0, 1, 0),
    (321, 117, 3, '2025-01-06T07:46:00', '2025-01-06T07:46:06', '2025-01-06T07:47:04', '2025-01-06T07:48:34', '2025-01-06T07:54:34', N'inbound', N'phone', N'reklamacja', N'answered', 0, 0, 0, 1, 0),
    (322, 88, 5, '2025-01-06T08:10:00', '2025-01-06T08:10:07', '2025-01-06T08:10:38', '2025-01-06T08:12:40', '2025-01-06T08:25:40', N'inbound', N'phone', N'reklamacja', N'answered', 0, 0, 0, 1, 0),
    (323, 61, 7, '2025-01-06T08:26:00', '2025-01-06T08:26:08', '2025-01-06T08:26:37', '2025-01-06T08:29:07', '2025-01-06T08:41:07', N'inbound', N'chat', N'konto', N'answered', 0, 0, 0, 1, 0),
    (324, 26, 13, '2025-01-06T09:00:00', '2025-01-06T09:00:05', '2025-01-06T09:01:23', '2025-01-06T09:01:58', '2025-01-06T09:19:58', N'inbound', N'phone', N'reklamacja', N'answered', 0, 0, 0, 1, 0),
    (325, 1, NULL, '2025-01-06T09:29:00', '2025-01-06T09:29:04', '2025-01-06T09:29:50', NULL, '2025-01-06T09:33:25', N'inbound', N'phone', N'reklamacja', N'abandoned', 0, 0, 0, 0, 1),
    (326, 100, NULL, '2025-01-06T09:42:00', '2025-01-06T09:42:03', '2025-01-06T09:43:18', NULL, '2025-01-06T09:44:49', N'inbound', N'phone', N'platnosci', N'callback_requested', 0, 1, 0, 0, 0),
    (327, 100, 1, '2025-01-06T10:38:49', NULL, NULL, '2025-01-06T10:39:11', '2025-01-06T10:45:11', N'outbound', N'phone', N'platnosci', N'callback_completed', 0, 0, 1, 1, 0),
    (328, 97, NULL, '2025-01-06T10:11:00', '2025-01-06T10:11:02', '2025-01-06T10:11:22', NULL, '2025-01-06T10:13:10', N'inbound', N'phone', N'platnosci', N'abandoned', 0, 0, 0, 0, 1),
    (329, 40, NULL, '2025-01-06T10:34:00', '2025-01-06T10:34:02', '2025-01-06T10:35:11', NULL, '2025-01-06T10:35:42', N'inbound', N'phone', N'dostawa', N'abandoned', 0, 0, 0, 0, 1),
    (330, 39, NULL, '2025-01-06T11:04:00', '2025-01-06T11:04:05', '2025-01-06T11:05:31', NULL, '2025-01-06T11:07:28', N'inbound', N'phone', N'dostawa', N'callback_requested', 0, 1, 0, 0, 0),
    (331, 46, 3, '2025-01-06T11:26:00', '2025-01-06T11:26:03', '2025-01-06T11:27:14', '2025-01-06T11:28:23', '2025-01-06T11:31:23', N'inbound', N'phone', N'faktura', N'answered', 0, 0, 0, 1, 0),
    (332, 47, 1, '2025-01-06T11:46:00', '2025-01-06T11:46:05', '2025-01-06T11:46:57', '2025-01-06T11:50:01', '2025-01-06T11:56:01', N'inbound', N'phone', N'dostawa', N'answered', 0, 0, 0, 1, 0),
    (333, 89, NULL, '2025-01-06T12:13:00', '2025-01-06T12:13:05', '2025-01-06T12:14:21', NULL, '2025-01-06T12:17:40', N'inbound', N'phone', N'konto', N'abandoned', 0, 0, 0, 0, 1),
    (334, 20, NULL, '2025-01-06T12:41:00', '2025-01-06T12:41:07', NULL, NULL, '2025-01-06T12:44:05', N'inbound', N'phone', N'techniczne', N'self_service', 1, 0, 0, 0, 0),
    (335, 66, 13, '2025-01-06T13:03:00', '2025-01-06T13:03:04', '2025-01-06T13:03:38', '2025-01-06T13:05:00', '2025-01-06T13:14:00', N'inbound', N'phone', N'faktura', N'answered', 0, 0, 0, 1, 0),
    (336, 21, NULL, '2025-01-06T13:26:00', '2025-01-06T13:26:06', '2025-01-06T13:27:29', NULL, '2025-01-06T13:28:29', N'inbound', N'phone', N'reklamacja', N'callback_requested', 0, 1, 0, 0, 0),
    (337, 12, 2, '2025-01-06T13:53:00', '2025-01-06T13:53:08', '2025-01-06T13:54:31', '2025-01-06T13:58:37', '2025-01-06T14:09:37', N'inbound', N'chat', N'reklamacja', N'answered', 0, 0, 0, 1, 0),
    (338, 7, NULL, '2025-01-06T14:18:00', '2025-01-06T14:18:08', '2025-01-06T14:18:50', NULL, '2025-01-06T14:20:46', N'inbound', N'phone', N'faktura', N'callback_requested', 0, 1, 0, 0, 0),
    (339, 7, 12, '2025-01-06T15:18:46', NULL, NULL, '2025-01-06T15:18:54', '2025-01-06T15:22:54', N'outbound', N'phone', N'faktura', N'callback_completed', 0, 0, 1, 1, 0),
    (340, 110, NULL, '2025-01-06T14:44:00', '2025-01-06T14:44:07', '2025-01-06T14:44:48', NULL, '2025-01-06T14:46:37', N'inbound', N'phone', N'techniczne', N'callback_requested', 0, 1, 0, 0, 0),
    (341, 105, NULL, '2025-01-06T15:15:00', '2025-01-06T15:15:03', '2025-01-06T15:15:37', NULL, '2025-01-06T15:16:56', N'inbound', N'phone', N'konto', N'callback_requested', 0, 1, 0, 0, 0),
    (342, 84, 14, '2025-01-06T15:35:00', '2025-01-06T15:35:02', '2025-01-06T15:35:38', '2025-01-06T15:36:33', '2025-01-06T15:42:33', N'inbound', N'phone', N'platnosci', N'answered', 0, 0, 0, 1, 0),
    (343, 103, 15, '2025-01-06T16:09:00', '2025-01-06T16:09:03', '2025-01-06T16:10:11', '2025-01-06T16:14:00', '2025-01-06T16:21:00', N'inbound', N'phone', N'techniczne', N'answered', 0, 0, 0, 1, 0),
    (344, 9, 13, '2025-01-06T16:28:00', '2025-01-06T16:28:07', '2025-01-06T16:29:07', '2025-01-06T16:32:32', '2025-01-06T16:42:32', N'inbound', N'phone', N'faktura', N'answered', 0, 0, 0, 1, 0),
    (345, 67, 7, '2025-01-06T16:48:00', '2025-01-06T16:48:05', '2025-01-06T16:48:56', '2025-01-06T16:49:49', '2025-01-06T16:53:49', N'inbound', N'phone', N'konto', N'answered', 0, 0, 0, 1, 0),
    (346, 110, NULL, '2025-01-06T17:25:00', '2025-01-06T17:25:08', '2025-01-06T17:25:49', NULL, '2025-01-06T17:27:01', N'inbound', N'phone', N'faktura', N'callback_requested', 0, 1, 0, 0, 0),
    (347, 110, 9, '2025-01-06T18:08:01', NULL, NULL, '2025-01-06T18:08:13', '2025-01-06T18:19:13', N'outbound', N'phone', N'faktura', N'callback_completed', 0, 0, 1, 1, 0),
    (348, 11, NULL, '2025-01-06T17:49:00', '2025-01-06T17:49:05', '2025-01-06T17:50:22', NULL, '2025-01-06T17:51:07', N'inbound', N'phone', N'faktura', N'callback_requested', 0, 1, 0, 0, 0),
    (349, 52, 10, '2025-01-06T18:13:00', '2025-01-06T18:13:02', '2025-01-06T18:14:32', '2025-01-06T18:17:30', '2025-01-06T18:29:30', N'inbound', N'phone', N'faktura', N'answered', 0, 0, 0, 1, 0),
    (350, 84, 6, '2025-01-06T18:39:00', '2025-01-06T18:39:04', '2025-01-06T18:40:10', '2025-01-06T18:42:48', '2025-01-06T19:00:48', N'inbound', N'phone', N'faktura', N'answered', 0, 0, 0, 1, 0),
    (351, 15, 13, '2025-01-06T18:53:00', '2025-01-06T18:53:08', '2025-01-06T18:53:56', '2025-01-06T18:55:25', '2025-01-06T19:09:25', N'inbound', N'phone', N'faktura', N'answered', 0, 0, 0, 1, 0),
    (352, 64, NULL, '2025-01-06T19:19:00', '2025-01-06T19:19:08', '2025-01-06T19:20:20', NULL, '2025-01-06T19:21:10', N'inbound', N'phone', N'faktura', N'abandoned', 0, 0, 0, 0, 1),
    (353, 120, NULL, '2025-01-06T19:52:00', '2025-01-06T19:52:03', NULL, NULL, '2025-01-06T19:56:15', N'inbound', N'phone', N'reklamacja', N'self_service', 1, 0, 0, 0, 0),
    (354, 99, 1, '2025-01-06T20:19:00', '2025-01-06T20:19:05', '2025-01-06T20:20:29', '2025-01-06T20:23:05', '2025-01-06T20:39:05', N'inbound', N'chat', N'reklamacja', N'answered', 0, 0, 0, 1, 0),
    (355, 94, 9, '2025-01-06T20:34:00', '2025-01-06T20:34:02', '2025-01-06T20:35:11', '2025-01-06T20:39:11', '2025-01-06T20:54:11', N'inbound', N'phone', N'platnosci', N'answered', 0, 0, 0, 1, 0),
    (356, 36, NULL, '2025-01-06T21:07:00', '2025-01-06T21:07:04', NULL, NULL, '2025-01-06T21:10:17', N'inbound', N'phone', N'konto', N'self_service', 1, 0, 0, 0, 0),
    (357, 92, 15, '2025-01-06T21:26:00', '2025-01-06T21:26:03', '2025-01-06T21:26:49', '2025-01-06T21:29:56', '2025-01-06T21:36:56', N'inbound', N'phone', N'dostawa', N'answered', 0, 0, 0, 1, 0),
    (358, 65, 11, '2025-01-06T21:55:00', '2025-01-06T21:55:07', '2025-01-06T21:55:41', '2025-01-06T21:58:57', '2025-01-06T22:14:57', N'inbound', N'phone', N'techniczne', N'answered', 0, 0, 0, 1, 0),
    (359, 67, NULL, '2025-01-06T22:13:00', '2025-01-06T22:13:02', NULL, NULL, '2025-01-06T22:15:58', N'inbound', N'phone', N'reklamacja', N'self_service', 1, 0, 0, 0, 0),
    (360, 19, NULL, '2025-01-06T22:36:00', '2025-01-06T22:36:07', NULL, NULL, '2025-01-06T22:40:38', N'inbound', N'phone', N'reklamacja', N'self_service', 1, 0, 0, 0, 0),
    (361, 96, 15, '2025-01-06T23:12:00', '2025-01-06T23:12:03', '2025-01-06T23:13:28', '2025-01-06T23:15:20', '2025-01-06T23:30:20', N'inbound', N'phone', N'platnosci', N'answered', 0, 0, 0, 1, 0),
    (362, 2, 9, '2025-01-06T23:33:00', '2025-01-06T23:33:03', '2025-01-06T23:34:19', '2025-01-06T23:37:43', '2025-01-06T23:46:43', N'inbound', N'email', N'reklamacja', N'answered', 0, 0, 0, 1, 0),
    (363, 24, NULL, '2025-01-06T23:55:00', '2025-01-06T23:55:07', '2025-01-06T23:56:32', NULL, '2025-01-06T23:58:13', N'inbound', N'phone', N'faktura', N'callback_requested', 0, 1, 0, 0, 0),
    (364, 24, 3, '2025-01-07T00:40:13', NULL, NULL, '2025-01-07T00:40:36', '2025-01-07T00:47:36', N'outbound', N'phone', N'faktura', N'callback_completed', 0, 0, 1, 1, 0),
    (365, 6, 8, '2025-01-07T00:19:00', '2025-01-07T00:19:04', '2025-01-07T00:19:30', '2025-01-07T00:23:07', '2025-01-07T00:37:07', N'inbound', N'phone', N'platnosci', N'answered', 0, 0, 0, 1, 0),
    (366, 24, 2, '2025-01-07T00:42:00', '2025-01-07T00:42:08', '2025-01-07T00:43:32', '2025-01-07T00:45:16', '2025-01-07T00:55:16', N'inbound', N'phone', N'reklamacja', N'answered', 0, 0, 0, 1, 0),
    (367, 97, NULL, '2025-01-07T01:20:00', '2025-01-07T01:20:06', '2025-01-07T01:20:27', NULL, '2025-01-07T01:22:19', N'inbound', N'phone', N'faktura', N'callback_requested', 0, 1, 0, 0, 0),
    (368, 88, 1, '2025-01-07T01:40:00', '2025-01-07T01:40:05', '2025-01-07T01:40:39', '2025-01-07T01:44:47', '2025-01-07T01:58:47', N'inbound', N'phone', N'konto', N'answered', 0, 0, 0, 1, 0),
    (369, 63, 3, '2025-01-07T01:56:00', '2025-01-07T01:56:04', '2025-01-07T01:56:48', '2025-01-07T02:01:07', '2025-01-07T02:04:07', N'inbound', N'phone', N'techniczne', N'answered', 0, 0, 0, 1, 0),
    (370, 107, 7, '2025-01-07T02:23:00', '2025-01-07T02:23:03', '2025-01-07T02:24:31', '2025-01-07T02:27:31', '2025-01-07T02:32:31', N'inbound', N'phone', N'platnosci', N'answered', 0, 0, 0, 1, 0),
    (371, 59, 9, '2025-01-07T02:55:00', '2025-01-07T02:55:02', '2025-01-07T02:55:33', '2025-01-07T02:56:06', '2025-01-07T03:06:06', N'inbound', N'phone', N'faktura', N'answered', 0, 0, 0, 1, 0),
    (372, 58, NULL, '2025-01-07T03:22:00', '2025-01-07T03:22:05', NULL, NULL, '2025-01-07T03:22:48', N'inbound', N'phone', N'faktura', N'self_service', 1, 0, 0, 0, 0),
    (373, 97, NULL, '2025-01-07T03:36:00', '2025-01-07T03:36:07', '2025-01-07T03:36:36', NULL, '2025-01-07T03:38:33', N'inbound', N'chat', N'techniczne', N'callback_requested', 0, 1, 0, 0, 0),
    (374, 97, 2, '2025-01-07T04:40:33', NULL, NULL, '2025-01-07T04:40:47', '2025-01-07T04:50:47', N'outbound', N'phone', N'techniczne', N'callback_completed', 0, 0, 1, 1, 0),
    (375, 21, 5, '2025-01-07T04:07:00', '2025-01-07T04:07:03', '2025-01-07T04:08:13', '2025-01-07T04:11:21', '2025-01-07T04:25:21', N'inbound', N'phone', N'dostawa', N'answered', 0, 0, 0, 1, 0),
    (376, 16, NULL, '2025-01-07T04:26:00', '2025-01-07T04:26:02', NULL, NULL, '2025-01-07T04:28:29', N'inbound', N'phone', N'dostawa', N'self_service', 1, 0, 0, 0, 0),
    (377, 53, NULL, '2025-01-07T04:54:00', '2025-01-07T04:54:03', '2025-01-07T04:54:46', NULL, '2025-01-07T04:55:35', N'inbound', N'phone', N'reklamacja', N'abandoned', 0, 0, 0, 0, 1),
    (378, 24, NULL, '2025-01-07T05:16:00', '2025-01-07T05:16:08', NULL, NULL, '2025-01-07T05:17:22', N'inbound', N'phone', N'konto', N'self_service', 1, 0, 0, 0, 0),
    (379, 43, NULL, '2025-01-07T05:51:00', '2025-01-07T05:51:03', NULL, NULL, '2025-01-07T05:53:22', N'inbound', N'phone', N'faktura', N'self_service', 1, 0, 0, 0, 0),
    (380, 79, 7, '2025-01-07T06:14:00', '2025-01-07T06:14:07', '2025-01-07T06:14:46', '2025-01-07T06:15:44', '2025-01-07T06:18:44', N'inbound', N'phone', N'dostawa', N'answered', 0, 0, 0, 1, 0),
    (381, 36, NULL, '2025-01-07T06:41:00', '2025-01-07T06:41:03', '2025-01-07T06:42:05', NULL, '2025-01-07T06:43:14', N'inbound', N'phone', N'konto', N'callback_requested', 0, 1, 0, 0, 0),
    (382, 36, 2, '2025-01-07T08:07:14', NULL, NULL, '2025-01-07T08:07:24', '2025-01-07T08:20:24', N'outbound', N'phone', N'konto', N'callback_completed', 0, 0, 1, 1, 0),
    (383, 115, NULL, '2025-01-07T07:01:00', '2025-01-07T07:01:04', NULL, NULL, '2025-01-07T07:06:03', N'inbound', N'phone', N'platnosci', N'self_service', 1, 0, 0, 0, 0),
    (384, 99, 8, '2025-01-07T07:26:00', '2025-01-07T07:26:02', '2025-01-07T07:27:32', '2025-01-07T07:30:34', '2025-01-07T07:37:34', N'inbound', N'phone', N'techniczne', N'answered', 0, 0, 0, 1, 0),
    (385, 65, NULL, '2025-01-07T07:47:00', '2025-01-07T07:47:05', '2025-01-07T07:48:11', NULL, '2025-01-07T07:51:08', N'inbound', N'phone', N'dostawa', N'abandoned', 0, 0, 0, 0, 1),
    (386, 88, NULL, '2025-01-07T08:15:00', '2025-01-07T08:15:08', '2025-01-07T08:16:33', NULL, '2025-01-07T08:19:17', N'inbound', N'phone', N'reklamacja', N'abandoned', 0, 0, 0, 0, 1),
    (387, 85, 4, '2025-01-07T08:39:00', '2025-01-07T08:39:07', '2025-01-07T08:40:28', '2025-01-07T08:40:59', '2025-01-07T08:51:59', N'inbound', N'phone', N'techniczne', N'answered', 0, 0, 0, 1, 0),
    (388, 118, 9, '2025-01-07T09:14:00', '2025-01-07T09:14:02', '2025-01-07T09:14:27', '2025-01-07T09:17:24', '2025-01-07T09:28:24', N'inbound', N'phone', N'platnosci', N'answered', 0, 0, 0, 1, 0),
    (389, 49, 4, '2025-01-07T09:37:00', '2025-01-07T09:37:04', '2025-01-07T09:37:33', '2025-01-07T09:40:00', '2025-01-07T09:55:00', N'inbound', N'phone', N'dostawa', N'answered', 0, 0, 0, 1, 0),
    (390, 102, NULL, '2025-01-07T10:05:00', '2025-01-07T10:05:06', '2025-01-07T10:05:26', NULL, '2025-01-07T10:06:05', N'inbound', N'email', N'dostawa', N'abandoned', 0, 0, 0, 0, 1),
    (391, 66, 14, '2025-01-07T10:23:00', '2025-01-07T10:23:03', '2025-01-07T10:23:42', '2025-01-07T10:24:27', '2025-01-07T10:34:27', N'inbound', N'phone', N'reklamacja', N'answered', 0, 0, 0, 1, 0),
    (392, 87, 1, '2025-01-07T10:55:00', '2025-01-07T10:55:05', '2025-01-07T10:55:51', '2025-01-07T10:57:08', '2025-01-07T11:01:08', N'inbound', N'phone', N'dostawa', N'answered', 0, 0, 0, 1, 0),
    (393, 18, 9, '2025-01-07T11:06:00', '2025-01-07T11:06:06', '2025-01-07T11:06:44', '2025-01-07T11:11:04', '2025-01-07T11:26:04', N'inbound', N'phone', N'faktura', N'answered', 0, 0, 0, 1, 0),
    (394, 113, NULL, '2025-01-07T11:39:00', '2025-01-07T11:39:02', '2025-01-07T11:39:49', NULL, '2025-01-07T11:41:20', N'inbound', N'phone', N'konto', N'callback_requested', 0, 1, 0, 0, 0),
    (395, 77, NULL, '2025-01-07T11:59:00', '2025-01-07T11:59:08', '2025-01-07T11:59:51', NULL, '2025-01-07T12:03:16', N'inbound', N'phone', N'dostawa', N'abandoned', 0, 0, 0, 0, 1),
    (396, 88, NULL, '2025-01-07T12:30:00', '2025-01-07T12:30:05', NULL, NULL, '2025-01-07T12:30:53', N'inbound', N'phone', N'reklamacja', N'self_service', 1, 0, 0, 0, 0),
    (397, 106, 1, '2025-01-07T12:49:00', '2025-01-07T12:49:06', '2025-01-07T12:49:38', '2025-01-07T12:53:37', '2025-01-07T12:59:37', N'inbound', N'phone', N'reklamacja', N'answered', 0, 0, 0, 1, 0),
    (398, 115, 7, '2025-01-07T13:23:00', '2025-01-07T13:23:06', '2025-01-07T13:24:19', '2025-01-07T13:25:32', '2025-01-07T13:43:32', N'inbound', N'phone', N'techniczne', N'answered', 0, 0, 0, 1, 0),
    (399, 55, NULL, '2025-01-07T13:39:00', '2025-01-07T13:39:04', '2025-01-07T13:40:25', NULL, '2025-01-07T13:42:04', N'inbound', N'chat', N'reklamacja', N'callback_requested', 0, 1, 0, 0, 0),
    (400, 55, 4, '2025-01-07T14:47:04', NULL, NULL, '2025-01-07T14:47:09', '2025-01-07T15:01:09', N'outbound', N'phone', N'reklamacja', N'callback_completed', 0, 0, 1, 1, 0);

INSERT INTO dbo.calls (call_id, customer_id, agent_id, start_time, ivr_start_time, queue_start_time, answer_time, end_time, direction, channel, ivr_topic, call_outcome, is_self_service, is_callback_chosen, is_callback_realized, is_answered_by_agent, is_abandoned_in_queue) VALUES
    (401, 49, NULL, '2025-01-07T14:06:00', '2025-01-07T14:06:07', '2025-01-07T14:07:07', NULL, '2025-01-07T14:10:13', N'inbound', N'phone', N'konto', N'abandoned', 0, 0, 0, 0, 1),
    (402, 75, 11, '2025-01-07T14:33:00', '2025-01-07T14:33:04', '2025-01-07T14:34:32', '2025-01-07T14:36:28', '2025-01-07T14:45:28', N'inbound', N'phone', N'konto', N'answered', 0, 0, 0, 1, 0),
    (403, 23, 7, '2025-01-07T15:01:00', '2025-01-07T15:01:06', '2025-01-07T15:02:27', '2025-01-07T15:05:50', '2025-01-07T15:12:50', N'inbound', N'email', N'techniczne', N'answered', 0, 0, 0, 1, 0),
    (404, 13, 11, '2025-01-07T15:21:00', '2025-01-07T15:21:06', '2025-01-07T15:22:17', '2025-01-07T15:25:32', '2025-01-07T15:29:32', N'inbound', N'phone', N'techniczne', N'answered', 0, 0, 0, 1, 0),
    (405, 106, NULL, '2025-01-07T15:44:00', '2025-01-07T15:44:05', '2025-01-07T15:45:20', NULL, '2025-01-07T15:46:00', N'inbound', N'phone', N'faktura', N'abandoned', 0, 0, 0, 0, 1),
    (406, 78, 12, '2025-01-07T16:06:00', '2025-01-07T16:06:07', '2025-01-07T16:07:16', '2025-01-07T16:10:03', '2025-01-07T16:14:03', N'inbound', N'phone', N'konto', N'answered', 0, 0, 0, 1, 0),
    (407, 57, 9, '2025-01-07T16:30:00', '2025-01-07T16:30:03', '2025-01-07T16:31:29', '2025-01-07T16:33:56', '2025-01-07T16:43:56', N'inbound', N'phone', N'techniczne', N'answered', 0, 0, 0, 1, 0),
    (408, 21, NULL, '2025-01-07T16:57:00', '2025-01-07T16:57:04', '2025-01-07T16:58:15', NULL, '2025-01-07T16:59:10', N'inbound', N'phone', N'techniczne', N'callback_requested', 0, 1, 0, 0, 0),
    (409, 21, 12, '2025-01-07T18:10:10', NULL, NULL, '2025-01-07T18:10:37', '2025-01-07T18:14:37', N'outbound', N'phone', N'techniczne', N'callback_completed', 0, 0, 1, 1, 0),
    (410, 45, NULL, '2025-01-07T17:28:00', '2025-01-07T17:28:03', '2025-01-07T17:28:47', NULL, '2025-01-07T17:30:51', N'inbound', N'chat', N'konto', N'abandoned', 0, 0, 0, 0, 1),
    (411, 65, 13, '2025-01-07T17:48:00', '2025-01-07T17:48:06', '2025-01-07T17:48:35', '2025-01-07T17:51:01', '2025-01-07T18:02:01', N'inbound', N'phone', N'dostawa', N'answered', 0, 0, 0, 1, 0),
    (412, 89, 8, '2025-01-07T18:24:00', '2025-01-07T18:24:05', '2025-01-07T18:25:26', '2025-01-07T18:28:35', '2025-01-07T18:45:35', N'inbound', N'phone', N'reklamacja', N'answered', 0, 0, 0, 1, 0),
    (413, 49, NULL, '2025-01-07T18:42:00', '2025-01-07T18:42:07', '2025-01-07T18:42:56', NULL, '2025-01-07T18:44:34', N'inbound', N'phone', N'techniczne', N'callback_requested', 0, 1, 0, 0, 0),
    (414, 49, 14, '2025-01-07T19:12:34', NULL, NULL, '2025-01-07T19:12:47', '2025-01-07T19:18:47', N'outbound', N'phone', N'techniczne', N'callback_completed', 0, 0, 1, 1, 0),
    (415, 71, 3, '2025-01-07T19:05:00', '2025-01-07T19:05:05', '2025-01-07T19:06:05', '2025-01-07T19:10:22', '2025-01-07T19:19:22', N'inbound', N'phone', N'techniczne', N'answered', 0, 0, 0, 1, 0),
    (416, 30, 2, '2025-01-07T19:31:00', '2025-01-07T19:31:08', '2025-01-07T19:31:59', '2025-01-07T19:36:09', '2025-01-07T19:41:09', N'inbound', N'phone', N'dostawa', N'answered', 0, 0, 0, 1, 0),
    (417, 79, NULL, '2025-01-07T19:50:00', '2025-01-07T19:50:08', '2025-01-07T19:51:37', NULL, '2025-01-07T19:52:47', N'inbound', N'phone', N'faktura', N'callback_requested', 0, 1, 0, 0, 0),
    (418, 79, 15, '2025-01-07T21:28:47', NULL, NULL, '2025-01-07T21:29:10', '2025-01-07T21:36:10', N'outbound', N'phone', N'faktura', N'callback_completed', 0, 0, 1, 1, 0),
    (419, 51, NULL, '2025-01-07T20:22:00', '2025-01-07T20:22:08', '2025-01-07T20:22:44', NULL, '2025-01-07T20:24:23', N'inbound', N'phone', N'faktura', N'callback_requested', 0, 1, 0, 0, 0),
    (420, 51, 6, '2025-01-07T20:49:23', NULL, NULL, '2025-01-07T20:49:40', '2025-01-07T21:02:40', N'outbound', N'phone', N'faktura', N'callback_completed', 0, 0, 1, 1, 0),
    (421, 90, NULL, '2025-01-07T20:54:00', '2025-01-07T20:54:04', '2025-01-07T20:54:25', NULL, '2025-01-07T20:55:07', N'inbound', N'phone', N'faktura', N'callback_requested', 0, 1, 0, 0, 0),
    (422, 90, 10, '2025-01-07T21:52:07', NULL, NULL, '2025-01-07T21:52:20', '2025-01-07T21:57:20', N'outbound', N'phone', N'faktura', N'callback_completed', 0, 0, 1, 1, 0),
    (423, 61, NULL, '2025-01-07T21:15:00', '2025-01-07T21:15:04', '2025-01-07T21:15:47', NULL, '2025-01-07T21:17:04', N'inbound', N'phone', N'konto', N'callback_requested', 0, 1, 0, 0, 0),
    (424, 61, 7, '2025-01-07T22:35:04', NULL, NULL, '2025-01-07T22:35:17', '2025-01-07T22:45:17', N'outbound', N'phone', N'konto', N'callback_completed', 0, 0, 1, 1, 0),
    (425, 105, 4, '2025-01-07T21:33:00', '2025-01-07T21:33:07', '2025-01-07T21:34:01', '2025-01-07T21:34:53', '2025-01-07T21:41:53', N'inbound', N'phone', N'reklamacja', N'answered', 0, 0, 0, 1, 0),
    (426, 101, NULL, '2025-01-07T22:10:00', '2025-01-07T22:10:04', NULL, NULL, '2025-01-07T22:11:34', N'inbound', N'phone', N'dostawa', N'self_service', 1, 0, 0, 0, 0),
    (427, 105, NULL, '2025-01-07T22:28:00', '2025-01-07T22:28:05', '2025-01-07T22:28:37', NULL, '2025-01-07T22:30:29', N'inbound', N'phone', N'konto', N'abandoned', 0, 0, 0, 0, 1),
    (428, 72, 10, '2025-01-07T22:53:00', '2025-01-07T22:53:04', '2025-01-07T22:53:26', '2025-01-07T22:54:31', '2025-01-07T23:02:31', N'inbound', N'phone', N'konto', N'answered', 0, 0, 0, 1, 0),
    (429, 42, NULL, '2025-01-07T23:25:00', '2025-01-07T23:25:08', '2025-01-07T23:26:25', NULL, '2025-01-07T23:28:15', N'inbound', N'phone', N'faktura', N'callback_requested', 0, 1, 0, 0, 0),
    (430, 42, 3, '2025-01-08T00:18:15', NULL, NULL, '2025-01-08T00:18:40', '2025-01-08T00:26:40', N'outbound', N'phone', N'faktura', N'callback_completed', 0, 0, 1, 1, 0),
    (431, 109, NULL, '2025-01-07T23:37:00', '2025-01-07T23:37:02', '2025-01-07T23:37:42', NULL, '2025-01-07T23:38:49', N'inbound', N'phone', N'techniczne', N'callback_requested', 0, 1, 0, 0, 0),
    (432, 109, 11, '2025-01-08T00:36:49', NULL, NULL, '2025-01-08T00:37:06', '2025-01-08T00:44:06', N'outbound', N'phone', N'techniczne', N'callback_completed', 0, 0, 1, 1, 0),
    (433, 53, 12, '2025-01-08T00:05:00', '2025-01-08T00:05:03', '2025-01-08T00:05:25', '2025-01-08T00:08:39', '2025-01-08T00:13:39', N'inbound', N'phone', N'reklamacja', N'answered', 0, 0, 0, 1, 0),
    (434, 120, 2, '2025-01-08T00:40:00', '2025-01-08T00:40:06', '2025-01-08T00:40:32', '2025-01-08T00:41:13', '2025-01-08T00:52:13', N'inbound', N'phone', N'faktura', N'answered', 0, 0, 0, 1, 0),
    (435, 40, NULL, '2025-01-08T00:57:00', '2025-01-08T00:57:03', NULL, NULL, '2025-01-08T00:59:10', N'inbound', N'phone', N'konto', N'self_service', 1, 0, 0, 0, 0),
    (436, 111, NULL, '2025-01-08T01:30:00', '2025-01-08T01:30:05', NULL, NULL, '2025-01-08T01:32:15', N'inbound', N'phone', N'techniczne', N'self_service', 1, 0, 0, 0, 0),
    (437, 68, NULL, '2025-01-08T01:49:00', '2025-01-08T01:49:04', NULL, NULL, '2025-01-08T01:52:21', N'inbound', N'phone', N'dostawa', N'self_service', 1, 0, 0, 0, 0),
    (438, 39, NULL, '2025-01-08T02:05:00', '2025-01-08T02:05:02', '2025-01-08T02:06:28', NULL, '2025-01-08T02:06:59', N'inbound', N'phone', N'reklamacja', N'callback_requested', 0, 1, 0, 0, 0),
    (439, 39, 9, '2025-01-08T02:30:00', '2025-01-08T02:30:08', '2025-01-08T02:31:23', '2025-01-08T02:33:13', '2025-01-08T02:42:13', N'inbound', N'phone', N'techniczne', N'answered', 0, 0, 0, 1, 0),
    (440, 21, NULL, '2025-01-08T03:07:00', '2025-01-08T03:07:08', '2025-01-08T03:08:16', NULL, '2025-01-08T03:09:16', N'inbound', N'phone', N'reklamacja', N'callback_requested', 0, 1, 0, 0, 0),
    (441, 21, 13, '2025-01-08T04:44:16', NULL, NULL, '2025-01-08T04:44:40', '2025-01-08T04:58:40', N'outbound', N'phone', N'reklamacja', N'callback_completed', 0, 0, 1, 1, 0),
    (442, 25, NULL, '2025-01-08T03:22:00', '2025-01-08T03:22:03', '2025-01-08T03:22:40', NULL, '2025-01-08T03:24:07', N'inbound', N'phone', N'techniczne', N'callback_requested', 0, 1, 0, 0, 0),
    (443, 42, 5, '2025-01-08T03:45:00', '2025-01-08T03:45:03', '2025-01-08T03:45:29', '2025-01-08T03:46:52', '2025-01-08T03:53:52', N'inbound', N'phone', N'dostawa', N'answered', 0, 0, 0, 1, 0),
    (444, 12, NULL, '2025-01-08T04:14:00', '2025-01-08T04:14:02', '2025-01-08T04:15:25', NULL, '2025-01-08T04:16:58', N'inbound', N'phone', N'reklamacja', N'callback_requested', 0, 1, 0, 0, 0),
    (445, 12, 12, '2025-01-08T05:22:58', NULL, NULL, '2025-01-08T05:23:28', '2025-01-08T05:26:28', N'outbound', N'phone', N'reklamacja', N'callback_completed', 0, 0, 1, 1, 0),
    (446, 35, 5, '2025-01-08T04:47:00', '2025-01-08T04:47:02', '2025-01-08T04:48:31', '2025-01-08T04:52:15', '2025-01-08T05:07:15', N'inbound', N'phone', N'konto', N'answered', 0, 0, 0, 1, 0),
    (447, 50, 9, '2025-01-08T05:14:00', '2025-01-08T05:14:03', '2025-01-08T05:14:27', '2025-01-08T05:17:32', '2025-01-08T05:26:32', N'inbound', N'phone', N'reklamacja', N'answered', 0, 0, 0, 1, 0),
    (448, 81, NULL, '2025-01-08T05:26:00', '2025-01-08T05:26:07', '2025-01-08T05:27:37', NULL, '2025-01-08T05:28:45', N'inbound', N'phone', N'dostawa', N'callback_requested', 0, 1, 0, 0, 0),
    (449, 111, NULL, '2025-01-08T05:56:00', '2025-01-08T05:56:02', NULL, NULL, '2025-01-08T05:59:03', N'inbound', N'phone', N'platnosci', N'self_service', 1, 0, 0, 0, 0),
    (450, 2, NULL, '2025-01-08T06:16:00', '2025-01-08T06:16:06', '2025-01-08T06:17:26', NULL, '2025-01-08T06:18:07', N'inbound', N'phone', N'platnosci', N'callback_requested', 0, 1, 0, 0, 0),
    (451, 2, 8, '2025-01-08T06:59:07', NULL, NULL, '2025-01-08T06:59:14', '2025-01-08T07:12:14', N'outbound', N'phone', N'platnosci', N'callback_completed', 0, 0, 1, 1, 0),
    (452, 8, NULL, '2025-01-08T06:51:00', '2025-01-08T06:51:07', NULL, NULL, '2025-01-08T06:55:56', N'inbound', N'phone', N'platnosci', N'self_service', 1, 0, 0, 0, 0);


GO


INSERT INTO dbo.cases (case_id, customer_id, first_call_id, opened_at, closed_at, status, case_category, case_subcategory, priority, is_escalated_to_2nd_line, escalation_reason, sla_due_at, resolved_in_sla, resolution_type) VALUES
    (1, 91, 2, '2025-01-01T09:03:37', '2025-01-01T09:25:37', N'closed', N'faktura', N'korekta', N'high', 0, NULL, '2025-01-02T09:03:37', 1, N'FCR'),
    (2, 15, 3, '2025-01-01T09:21:19', '2025-01-01T09:58:19', N'closed', N'reklamacja', N'zwrot', N'high', 0, NULL, '2025-01-02T09:21:19', 1, N'FCR'),
    (3, 12, 4, '2025-01-01T09:55:25', '2025-01-01T11:10:25', N'closed', N'faktura', N'faktura_niejasna', N'medium', 0, NULL, '2025-01-02T21:55:25', 1, N'FCR'),
    (4, 72, 5, '2025-01-01T10:08:07', '2025-01-01T10:18:07', N'closed', N'platnosci', N'raty', N'medium', 0, NULL, '2025-01-02T22:08:07', 1, N'FCR'),
    (5, 47, 6, '2025-01-01T10:31:04', '2025-01-01T10:34:04', N'closed', N'platnosci', N'chargeback', N'high', 0, NULL, '2025-01-02T10:31:04', 1, N'self_service'),
    (6, 111, 7, '2025-01-01T11:04:25', '2025-01-01T11:40:25', N'closed', N'konto', N'blokada', N'high', 0, NULL, '2025-01-02T11:04:25', 1, N'FCR'),
    (7, 21, 8, '2025-01-01T11:25:13', '2025-01-01T11:59:13', N'closed', N'konto', N'zmiana_danych', N'high', 0, NULL, '2025-01-02T11:25:13', 1, N'FCR'),
    (8, 4, 9, '2025-01-01T11:53:51', '2025-01-01T12:01:51', N'closed', N'techniczne', N'awaria_uslugi', N'high', 0, NULL, '2025-01-02T11:53:51', 1, N'FCR'),
    (9, 116, 11, '2025-01-01T12:44:01', '2025-01-01T12:57:01', N'closed', N'platnosci', N'raty', N'medium', 0, NULL, '2025-01-03T00:44:01', 1, N'FCR'),
    (10, 80, 12, '2025-01-01T13:12:40', '2025-01-01T13:41:40', N'closed', N'platnosci', N'potwierdzenie', N'medium', 0, NULL, '2025-01-03T01:12:40', 1, N'FCR'),
    (11, 86, 14, '2025-01-01T14:30:37', '2025-01-01T15:16:37', N'closed', N'dostawa', N'reklamacja_dostawy', N'medium', 0, NULL, '2025-01-03T02:30:37', 1, N'FCR'),
    (12, 57, 15, '2025-01-01T14:08:17', '2025-01-01T14:49:17', N'closed', N'dostawa', N'kurier', N'medium', 0, NULL, '2025-01-03T02:08:17', 1, N'FCR'),
    (13, 12, 16, '2025-01-01T14:22:07', '2025-01-01T14:30:07', N'closed', N'reklamacja', N'zwrot', N'high', 0, NULL, '2025-01-02T14:22:07', 1, N'self_service'),
    (14, 59, 17, '2025-01-01T14:54:43', '2025-01-01T15:12:43', N'closed', N'platnosci', N'potwierdzenie', N'high', 0, NULL, '2025-01-02T14:54:43', 1, N'FCR'),
    (15, 59, 19, '2025-01-01T15:39:45', '2025-01-01T16:48:45', N'closed', N'platnosci', N'potwierdzenie', N'medium', 0, NULL, '2025-01-03T03:39:45', 1, N'FCR'),
    (16, 36, 21, '2025-01-01T16:37:21', '2025-01-01T16:59:21', N'closed', N'techniczne', N'brak_dostepu', N'high', 0, NULL, '2025-01-02T16:37:21', 1, N'FCR'),
    (17, 30, 23, '2025-01-01T18:27:04', '2025-01-01T19:21:04', N'closed', N'platnosci', N'odmowa', N'high', 0, NULL, '2025-01-02T18:27:04', 1, N'FCR'),
    (18, 110, 25, '2025-01-01T19:00:10', '2025-01-03T10:01:10', N'closed', N'techniczne', N'bledy_aplikacji', N'medium', 1, N'niestandardowy przypadek', '2025-01-03T07:00:10', 0, N'after_escalation'),
    (19, 87, 26, '2025-01-01T17:50:27', '2025-01-01T18:49:27', N'closed', N'konto', N'zmiana_danych', N'low', 0, NULL, '2025-01-03T17:50:27', 1, N'FCR'),
    (20, 84, 29, '2025-01-01T18:53:27', '2025-01-01T20:23:27', N'closed', N'faktura', N'saldo_info', N'low', 0, NULL, '2025-01-03T18:53:27', 1, N'FCR'),
    (21, 73, 30, '2025-01-01T19:25:15', '2025-01-01T20:44:15', N'closed', N'techniczne', N'awaria_uslugi', N'low', 0, NULL, '2025-01-03T19:25:15', 1, N'FCR'),
    (22, 119, 31, '2025-01-01T19:49:06', '2025-01-01T19:54:06', N'closed', N'konto', N'reset_hasla', N'low', 0, NULL, '2025-01-03T19:49:06', 1, N'self_service'),
    (23, 102, 32, '2025-01-01T20:06:04', '2025-01-01T20:13:04', N'closed', N'konto', N'uwierzytelnienie', N'low', 0, NULL, '2025-01-03T20:06:04', 1, N'self_service'),
    (24, 84, 34, '2025-01-01T21:05:57', '2025-01-01T21:21:57', N'closed', N'konto', N'blokada', N'high', 0, NULL, '2025-01-02T21:05:57', 1, N'FCR'),
    (25, 113, 36, '2025-01-01T23:11:05', '2025-01-01T23:49:05', N'closed', N'dostawa', N'kurier', N'low', 0, NULL, '2025-01-03T23:11:05', 1, N'FCR'),
    (26, 52, 40, '2025-01-01T23:43:10', '2025-01-02T00:17:10', N'closed', N'konto', N'reset_hasla', N'medium', 0, NULL, '2025-01-03T11:43:10', 1, N'FCR'),
    (27, 93, 41, '2025-01-01T23:07:43', '2025-01-01T23:47:43', N'closed', N'platnosci', N'raty', N'medium', 0, NULL, '2025-01-03T11:07:43', 1, N'FCR'),
    (28, 13, 42, '2025-01-01T23:31:04', '2025-01-01T23:32:04', N'closed', N'techniczne', N'bledy_aplikacji', N'high', 0, NULL, '2025-01-02T23:31:04', 1, N'self_service'),
    (29, 90, 43, '2025-01-01T23:57:46', '2025-01-02T00:08:46', N'closed', N'faktura', N'korekta', N'medium', 0, NULL, '2025-01-03T11:57:46', 1, N'FCR'),
    (30, 111, 44, '2025-01-02T00:30:58', '2025-01-02T01:47:58', N'closed', N'konto', N'blokada', N'low', 0, NULL, '2025-01-04T00:30:58', 1, N'FCR'),
    (31, 11, 45, '2025-01-02T00:50:43', '2025-01-02T01:51:43', N'closed', N'dostawa', N'kurier', N'medium', 0, NULL, '2025-01-03T12:50:43', 1, N'FCR'),
    (32, 111, 46, '2025-01-02T01:21:26', '2025-01-02T01:36:26', N'closed', N'dostawa', N'adres', N'medium', 0, NULL, '2025-01-03T13:21:26', 1, N'FCR'),
    (33, 30, 48, '2025-01-02T02:04:07', '2025-01-02T02:14:07', N'closed', N'platnosci', N'chargeback', N'high', 0, NULL, '2025-01-03T02:04:07', 1, N'self_service'),
    (34, 10, 50, '2025-01-02T02:49:09', '2025-01-02T03:32:09', N'closed', N'dostawa', N'reklamacja_dostawy', N'medium', 0, NULL, '2025-01-03T14:49:09', 1, N'FCR'),
    (35, 12, 52, '2025-01-02T03:45:57', '2025-01-02T05:13:57', N'closed', N'platnosci', N'potwierdzenie', N'medium', 0, NULL, '2025-01-03T15:45:57', 1, N'FCR'),
    (36, 118, 53, '2025-01-02T04:11:02', '2025-01-02T05:41:02', N'closed', N'platnosci', N'odmowa', N'medium', 0, NULL, '2025-01-03T16:11:02', 1, N'FCR'),
    (37, 110, 54, '2025-01-02T04:34:59', '2025-01-02T05:19:59', N'closed', N'platnosci', N'raty', N'medium', 0, NULL, '2025-01-03T16:34:59', 1, N'FCR'),
    (38, 42, 55, '2025-01-02T04:53:08', '2025-01-02T04:57:08', N'closed', N'dostawa', N'kurier', N'medium', 0, NULL, '2025-01-03T16:53:08', 1, N'self_service'),
    (39, 80, 56, '2025-01-02T05:32:51', '2025-01-02T06:39:51', N'closed', N'faktura', N'saldo_info', N'high', 0, NULL, '2025-01-03T05:32:51', 1, N'FCR'),
    (40, 4, 57, '2025-01-02T05:48:59', '2025-01-02T06:56:59', N'closed', N'techniczne', N'bledy_aplikacji', N'low', 0, NULL, '2025-01-04T05:48:59', 1, N'FCR'),
    (41, 66, 58, '2025-01-02T06:15:29', '2025-01-02T06:55:29', N'closed', N'konto', N'uwierzytelnienie', N'high', 0, NULL, '2025-01-03T06:15:29', 1, N'FCR'),
    (42, 44, 59, '2025-01-02T06:41:31', '2025-01-02T07:28:31', N'closed', N'techniczne', N'konfiguracja', N'medium', 0, NULL, '2025-01-03T18:41:31', 1, N'FCR'),
    (43, 59, 61, '2025-01-02T07:27:34', '2025-01-02T08:20:34', N'closed', N'platnosci', N'potwierdzenie', N'high', 0, NULL, '2025-01-03T07:27:34', 1, N'FCR'),
    (44, 85, 62, '2025-01-02T07:25:09', '2025-01-02T07:31:09', N'closed', N'reklamacja', N'uszkodzenie', N'high', 0, NULL, '2025-01-03T07:25:09', 1, N'FCR'),
    (45, 53, 63, '2025-01-02T07:50:57', '2025-01-02T08:35:57', N'closed', N'techniczne', N'konfiguracja', N'high', 0, NULL, '2025-01-03T07:50:57', 1, N'FCR'),
    (46, 112, 64, '2025-01-02T08:15:00', '2025-01-04T09:00:00', N'closed', N'reklamacja', N'reklamacja_zlozona', N'high', 1, N'wymagana analiza techniczna', '2025-01-03T08:15:00', 0, N'after_escalation'),
    (47, 89, 66, '2025-01-02T09:50:05', '2025-01-02T23:29:05', N'closed', N'techniczne', N'brak_dostepu', N'medium', 1, N'niestandardowy przypadek', '2025-01-03T21:50:05', 1, N'after_escalation'),
    (48, 116, 68, '2025-01-02T09:42:04', '2025-01-02T10:36:04', N'closed', N'reklamacja', N'reklamacja_zlozona', N'medium', 0, NULL, '2025-01-03T21:42:04', 1, N'FCR'),
    (49, 14, 69, '2025-01-02T10:01:57', '2025-01-02T11:18:57', N'closed', N'dostawa', N'opoznienie', N'medium', 0, NULL, '2025-01-03T22:01:57', 1, N'FCR'),
    (50, 117, 71, '2025-01-02T11:21:21', '2025-01-03T02:18:21', N'closed', N'reklamacja', N'brak_kompensaty', N'medium', 1, N'wymagana analiza techniczna', '2025-01-03T23:21:21', 1, N'after_escalation'),
    (51, 57, 72, '2025-01-02T10:45:38', '2025-01-02T11:06:38', N'closed', N'platnosci', N'raty', N'low', 0, NULL, '2025-01-04T10:45:38', 1, N'FCR'),
    (52, 68, 73, '2025-01-02T11:17:15', '2025-01-03T10:12:15', N'closed', N'techniczne', N'bledy_aplikacji', N'medium', 1, N'niestandardowy przypadek', '2025-01-03T23:17:15', 1, N'after_escalation'),
    (53, 102, 75, '2025-01-02T12:41:16', '2025-01-02T13:15:16', N'closed', N'dostawa', N'reklamacja_dostawy', N'low', 0, NULL, '2025-01-04T12:41:16', 1, N'FCR'),
    (54, 4, 76, '2025-01-02T12:09:08', '2025-01-02T12:28:08', N'closed', N'platnosci', N'chargeback', N'medium', 0, NULL, '2025-01-04T00:09:08', 1, N'FCR'),
    (55, 6, 77, '2025-01-02T12:24:21', '2025-01-02T13:38:21', N'closed', N'faktura', N'faktura_niejasna', N'medium', 0, NULL, '2025-01-04T00:24:21', 1, N'FCR'),
    (56, 76, 78, '2025-01-02T12:50:00', '2025-01-02T13:51:00', N'closed', N'konto', N'zmiana_danych', N'low', 0, NULL, '2025-01-04T12:50:00', 1, N'FCR'),
    (57, 110, 79, '2025-01-02T13:21:02', '2025-01-02T13:23:02', N'closed', N'dostawa', N'reklamacja_dostawy', N'low', 0, NULL, '2025-01-04T13:21:02', 1, N'self_service'),
    (58, 101, 81, '2025-01-02T14:09:11', '2025-01-03T07:17:11', N'closed', N'reklamacja', N'uszkodzenie', N'medium', 1, N'reklamacja złożona', '2025-01-04T02:09:11', 1, N'after_escalation'),
    (59, 3, 83, '2025-01-02T14:56:01', '2025-01-02T16:16:01', N'closed', N'reklamacja', N'zwrot', N'high', 0, NULL, '2025-01-03T14:56:01', 1, N'FCR'),
    (60, 58, 84, '2025-01-02T15:24:03', '2025-01-02T15:32:03', N'closed', N'platnosci', N'odmowa', N'medium', 0, NULL, '2025-01-04T03:24:03', 1, N'FCR'),
    (61, 17, 86, '2025-01-02T16:16:06', '2025-01-02T17:16:06', N'closed', N'platnosci', N'odmowa', N'medium', 0, NULL, '2025-01-04T04:16:06', 1, N'FCR'),
    (62, 52, 88, '2025-01-02T17:12:58', '2025-01-03T06:17:58', N'closed', N'techniczne', N'awaria_uslugi', N'medium', 1, N'niestandardowy przypadek', '2025-01-04T05:12:58', 1, N'after_escalation'),
    (63, 95, 89, '2025-01-02T17:33:23', '2025-01-02T19:03:23', N'closed', N'dostawa', N'reklamacja_dostawy', N'medium', 0, NULL, '2025-01-04T05:33:23', 1, N'FCR'),
    (64, 112, 90, '2025-01-02T17:50:06', '2025-01-04T13:13:06', N'closed', N'techniczne', N'bledy_aplikacji', N'high', 1, N'wymagana analiza techniczna', '2025-01-03T17:50:06', 0, N'after_escalation'),
    (65, 29, 91, '2025-01-02T18:23:08', '2025-01-02T18:28:08', N'closed', N'dostawa', N'kurier', N'medium', 0, NULL, '2025-01-04T06:23:08', 1, N'self_service'),
    (66, 45, 92, '2025-01-02T18:35:03', '2025-01-02T18:44:03', N'closed', N'dostawa', N'adres', N'low', 0, NULL, '2025-01-04T18:35:03', 1, N'self_service'),
    (67, 49, 93, '2025-01-02T19:18:24', '2025-01-02T19:29:24', N'closed', N'reklamacja', N'zwrot', N'low', 0, NULL, '2025-01-04T19:18:24', 1, N'FCR'),
    (68, 35, 95, '2025-01-02T20:54:36', '2025-01-02T22:14:36', N'closed', N'konto', N'uwierzytelnienie', N'medium', 0, NULL, '2025-01-04T08:54:36', 1, N'FCR'),
    (69, 68, 96, '2025-01-02T19:59:02', '2025-01-02T20:02:02', N'closed', N'konto', N'blokada', N'high', 0, NULL, '2025-01-03T19:59:02', 1, N'self_service'),
    (70, 69, 98, '2025-01-02T20:48:30', '2025-01-02T21:33:30', N'closed', N'faktura', N'faktura_niejasna', N'high', 0, NULL, '2025-01-03T20:48:30', 1, N'FCR'),
    (71, 74, 99, '2025-01-02T21:17:07', '2025-01-02T21:27:07', N'closed', N'techniczne', N'konfiguracja', N'high', 0, NULL, '2025-01-03T21:17:07', 1, N'self_service'),
    (72, 107, 100, '2025-01-02T21:42:52', '2025-01-02T22:30:52', N'closed', N'faktura', N'duplikat_faktury', N'high', 0, NULL, '2025-01-03T21:42:52', 1, N'FCR'),
    (73, 43, 101, '2025-01-02T22:05:00', '2025-01-02T23:32:00', N'closed', N'platnosci', N'chargeback', N'medium', 0, NULL, '2025-01-04T10:05:00', 1, N'FCR'),
    (74, 84, 103, '2025-01-02T22:51:35', '2025-01-03T00:16:35', N'closed', N'konto', N'blokada', N'high', 0, NULL, '2025-01-03T22:51:35', 1, N'FCR'),
    (75, 20, 104, '2025-01-02T23:25:51', '2025-01-03T00:09:51', N'closed', N'konto', N'uwierzytelnienie', N'medium', 0, NULL, '2025-01-04T11:25:51', 1, N'FCR'),
    (76, 58, 105, '2025-01-02T23:37:47', '2025-01-02T23:47:47', N'closed', N'techniczne', N'konfiguracja', N'medium', 0, NULL, '2025-01-04T11:37:47', 1, N'FCR'),
    (77, 117, 106, '2025-01-03T00:06:04', '2025-01-03T00:12:04', N'closed', N'dostawa', N'opoznienie', N'high', 0, NULL, '2025-01-04T00:06:04', 1, N'self_service'),
    (78, 48, 108, '2025-01-03T00:59:05', '2025-01-03T01:01:05', N'closed', N'techniczne', N'konfiguracja', N'high', 0, NULL, '2025-01-04T00:59:05', 1, N'self_service'),
    (79, 37, 109, '2025-01-03T01:25:30', '2025-01-03T02:46:30', N'closed', N'techniczne', N'awaria_uslugi', N'medium', 0, NULL, '2025-01-04T13:25:30', 1, N'FCR'),
    (80, 40, 110, '2025-01-03T01:56:19', '2025-01-03T02:47:19', N'closed', N'reklamacja', N'brak_kompensaty', N'medium', 0, NULL, '2025-01-04T13:56:19', 1, N'FCR'),
    (81, 24, 111, '2025-01-03T02:11:04', '2025-01-03T02:13:04', N'closed', N'reklamacja', N'zwrot', N'high', 0, NULL, '2025-01-04T02:11:04', 1, N'self_service'),
    (82, 99, 113, '2025-01-03T03:03:31', '2025-01-03T04:05:31', N'closed', N'faktura', N'duplikat_faktury', N'medium', 0, NULL, '2025-01-04T15:03:31', 1, N'FCR'),
    (83, 69, 114, '2025-01-03T03:30:37', '2025-01-03T03:55:37', N'closed', N'reklamacja', N'uszkodzenie', N'medium', 0, NULL, '2025-01-04T15:30:37', 1, N'FCR'),
    (84, 103, 115, '2025-01-03T03:54:14', '2025-01-03T05:05:14', N'closed', N'faktura', N'saldo_info', N'medium', 0, NULL, '2025-01-04T15:54:14', 1, N'FCR'),
    (85, 37, 116, '2025-01-03T04:14:54', '2025-01-03T05:03:54', N'closed', N'techniczne', N'awaria_uslugi', N'low', 0, NULL, '2025-01-05T04:14:54', 1, N'FCR'),
    (86, 54, 117, '2025-01-03T04:38:41', '2025-01-05T05:59:41', N'closed', N'techniczne', N'brak_dostepu', N'high', 1, N'decyzja back-office', '2025-01-04T04:38:41', 0, N'after_escalation'),
    (87, 37, 118, '2025-01-03T05:16:19', '2025-01-03T05:40:19', N'closed', N'platnosci', N'potwierdzenie', N'medium', 0, NULL, '2025-01-04T17:16:19', 1, N'FCR'),
    (88, 15, 120, '2025-01-03T06:42:10', '2025-01-03T08:07:10', N'closed', N'faktura', N'duplikat_faktury', N'medium', 0, NULL, '2025-01-04T18:42:10', 1, N'FCR'),
    (89, 24, 123, '2025-01-03T06:49:58', '2025-01-03T07:39:58', N'closed', N'faktura', N'saldo_info', N'medium', 0, NULL, '2025-01-04T18:49:58', 1, N'FCR'),
    (90, 45, 125, '2025-01-03T07:55:40', '2025-01-03T08:59:40', N'closed', N'dostawa', N'reklamacja_dostawy', N'high', 0, NULL, '2025-01-04T07:55:40', 1, N'FCR'),
    (91, 81, 126, '2025-01-03T07:12:15', '2025-01-03T07:42:15', N'closed', N'faktura', N'saldo_info', N'low', 0, NULL, '2025-01-05T07:12:15', 1, N'FCR'),
    (92, 41, 127, '2025-01-03T07:39:06', '2025-01-03T07:40:06', N'closed', N'dostawa', N'kurier', N'medium', 0, NULL, '2025-01-04T19:39:06', 1, N'self_service'),
    (93, 35, 128, '2025-01-03T08:00:56', '2025-01-03T09:08:56', N'closed', N'konto', N'blokada', N'medium', 0, NULL, '2025-01-04T20:00:56', 1, N'FCR'),
    (94, 14, 130, '2025-01-03T08:51:12', '2025-01-04T15:30:12', N'closed', N'techniczne', N'bledy_aplikacji', N'high', 1, N'niestandardowy przypadek', '2025-01-04T08:51:12', 0, N'after_escalation'),
    (95, 102, 131, '2025-01-03T09:16:31', '2025-01-03T10:17:31', N'closed', N'techniczne', N'awaria_uslugi', N'high', 0, NULL, '2025-01-04T09:16:31', 1, N'FCR'),
    (96, 17, 132, '2025-01-03T09:39:03', '2025-01-03T10:57:03', N'closed', N'techniczne', N'brak_dostepu', N'medium', 0, NULL, '2025-01-04T21:39:03', 1, N'FCR'),
    (97, 68, 133, '2025-01-03T10:15:28', '2025-01-03T11:09:28', N'closed', N'platnosci', N'odmowa', N'medium', 0, NULL, '2025-01-04T22:15:28', 1, N'FCR'),
    (98, 34, 134, '2025-01-03T10:35:30', '2025-01-04T06:32:30', N'closed', N'reklamacja', N'zwrot', N'high', 1, N'niestandardowy przypadek', '2025-01-04T10:35:30', 1, N'after_escalation'),
    (99, 88, 135, '2025-01-03T11:02:42', '2025-01-03T12:28:42', N'closed', N'platnosci', N'chargeback', N'medium', 0, NULL, '2025-01-04T23:02:42', 1, N'FCR'),
    (100, 4, 137, '2025-01-03T11:56:14', '2025-01-03T12:51:14', N'closed', N'konto', N'uwierzytelnienie', N'low', 0, NULL, '2025-01-05T11:56:14', 1, N'FCR'),
    (101, 68, 138, '2025-01-03T12:19:53', '2025-01-03T13:30:53', N'closed', N'dostawa', N'kurier', N'medium', 0, NULL, '2025-01-05T00:19:53', 1, N'FCR'),
    (102, 17, 139, '2025-01-03T12:36:30', '2025-01-03T13:01:30', N'closed', N'konto', N'blokada', N'medium', 0, NULL, '2025-01-05T00:36:30', 1, N'FCR'),
    (103, 71, 141, '2025-01-03T13:31:47', '2025-01-03T14:55:47', N'closed', N'dostawa', N'kurier', N'low', 0, NULL, '2025-01-05T13:31:47', 1, N'FCR'),
    (104, 108, 142, '2025-01-03T13:47:53', '2025-01-03T14:45:53', N'closed', N'faktura', N'saldo_info', N'medium', 0, NULL, '2025-01-05T01:47:53', 1, N'FCR'),
    (105, 64, 143, '2025-01-03T14:21:36', '2025-01-03T14:33:36', N'closed', N'konto', N'zmiana_danych', N'low', 0, NULL, '2025-01-05T14:21:36', 1, N'FCR'),
    (106, 57, 144, '2025-01-03T14:48:05', '2025-01-03T14:55:05', N'closed', N'reklamacja', N'uszkodzenie', N'high', 0, NULL, '2025-01-04T14:48:05', 1, N'self_service'),
    (107, 98, 145, '2025-01-03T15:11:06', '2025-01-03T15:13:06', N'closed', N'techniczne', N'awaria_uslugi', N'high', 0, NULL, '2025-01-04T15:11:06', 1, N'self_service'),
    (108, 38, 146, '2025-01-03T15:41:03', '2025-01-05T08:10:03', N'closed', N'reklamacja', N'brak_kompensaty', N'high', 1, N'niestandardowy przypadek', '2025-01-04T15:41:03', 0, N'after_escalation'),
    (109, 3, 147, '2025-01-03T15:53:56', '2025-01-03T17:21:56', N'closed', N'konto', N'uwierzytelnienie', N'medium', 0, NULL, '2025-01-05T03:53:56', 1, N'FCR'),
    (110, 98, 149, '2025-01-03T16:55:05', '2025-01-03T18:04:05', N'closed', N'konto', N'uwierzytelnienie', N'low', 0, NULL, '2025-01-05T16:55:05', 1, N'FCR'),
    (111, 98, 151, '2025-01-03T19:01:25', '2025-01-03T20:10:25', N'closed', N'reklamacja', N'zwrot', N'high', 0, NULL, '2025-01-04T19:01:25', 1, N'FCR'),
    (112, 6, 152, '2025-01-03T17:31:03', '2025-01-03T17:41:03', N'closed', N'konto', N'blokada', N'medium', 0, NULL, '2025-01-05T05:31:03', 1, N'self_service'),
    (113, 21, 153, '2025-01-03T18:10:24', '2025-01-03T18:17:24', N'closed', N'dostawa', N'kurier', N'medium', 0, NULL, '2025-01-05T06:10:24', 1, N'FCR'),
    (114, 43, 154, '2025-01-03T18:26:20', '2025-01-03T19:45:20', N'closed', N'platnosci', N'chargeback', N'high', 0, NULL, '2025-01-04T18:26:20', 1, N'FCR'),
    (115, 93, 155, '2025-01-03T18:51:17', '2025-01-03T19:00:17', N'closed', N'reklamacja', N'zwrot', N'high', 0, NULL, '2025-01-04T18:51:17', 1, N'FCR'),
    (116, 25, 156, '2025-01-03T19:13:28', '2025-01-03T19:25:28', N'closed', N'konto', N'zmiana_danych', N'high', 0, NULL, '2025-01-04T19:13:28', 1, N'FCR'),
    (117, 67, 158, '2025-01-03T21:15:14', '2025-01-03T22:42:14', N'closed', N'platnosci', N'raty', N'medium', 0, NULL, '2025-01-05T09:15:14', 1, N'FCR'),
    (118, 99, 161, '2025-01-03T22:21:37', '2025-01-03T22:41:37', N'closed', N'platnosci', N'potwierdzenie', N'medium', 0, NULL, '2025-01-05T10:21:37', 1, N'FCR'),
    (119, 115, 163, '2025-01-03T22:22:17', '2025-01-03T23:01:17', N'closed', N'reklamacja', N'brak_kompensaty', N'low', 0, NULL, '2025-01-05T22:22:17', 1, N'FCR'),
    (120, 18, 164, '2025-01-03T21:21:54', '2025-01-03T22:26:54', N'closed', N'reklamacja', N'zwrot', N'high', 0, NULL, '2025-01-04T21:21:54', 1, N'FCR'),
    (121, 88, 165, '2025-01-03T21:47:48', '2025-01-03T22:28:48', N'closed', N'reklamacja', N'zwrot', N'medium', 0, NULL, '2025-01-05T09:47:48', 1, N'FCR'),
    (122, 117, 166, '2025-01-03T22:12:04', '2025-01-03T22:39:04', N'closed', N'dostawa', N'opoznienie', N'medium', 0, NULL, '2025-01-05T10:12:04', 1, N'FCR'),
    (123, 108, 167, '2025-01-03T22:45:02', '2025-01-04T00:12:02', N'closed', N'reklamacja', N'reklamacja_zlozona', N'medium', 0, NULL, '2025-01-05T10:45:02', 1, N'FCR'),
    (124, 114, 168, '2025-01-03T23:01:28', '2025-01-03T23:29:28', N'closed', N'konto', N'reset_hasla', N'medium', 0, NULL, '2025-01-05T11:01:28', 1, N'FCR'),
    (125, 110, 171, '2025-01-04T00:31:19', '2025-01-04T01:25:19', N'closed', N'dostawa', N'adres', N'low', 0, NULL, '2025-01-06T00:31:19', 1, N'FCR'),
    (126, 58, 172, '2025-01-04T00:18:04', '2025-01-04T00:19:04', N'closed', N'dostawa', N'opoznienie', N'medium', 0, NULL, '2025-01-05T12:18:04', 1, N'self_service'),
    (127, 60, 173, '2025-01-04T00:48:46', '2025-01-04T02:14:46', N'closed', N'platnosci', N'raty', N'medium', 0, NULL, '2025-01-05T12:48:46', 1, N'FCR'),
    (128, 48, 174, '2025-01-04T01:09:30', '2025-01-04T02:14:30', N'closed', N'konto', N'zmiana_danych', N'medium', 0, NULL, '2025-01-05T13:09:30', 1, N'FCR'),
    (129, 98, 175, '2025-01-04T01:36:46', '2025-01-04T02:51:46', N'closed', N'dostawa', N'adres', N'low', 0, NULL, '2025-01-06T01:36:46', 1, N'FCR'),
    (130, 74, 176, '2025-01-04T01:57:48', '2025-01-04T03:07:48', N'closed', N'dostawa', N'reklamacja_dostawy', N'low', 0, NULL, '2025-01-06T01:57:48', 1, N'FCR'),
    (131, 104, 177, '2025-01-04T02:18:54', '2025-01-04T03:13:54', N'closed', N'dostawa', N'kurier', N'medium', 0, NULL, '2025-01-05T14:18:54', 1, N'FCR'),
    (132, 105, 179, '2025-01-04T03:13:00', '2025-01-04T04:10:00', N'closed', N'dostawa', N'adres', N'low', 0, NULL, '2025-01-06T03:13:00', 1, N'FCR'),
    (133, 85, 181, '2025-01-04T03:35:58', '2025-01-04T03:42:58', N'closed', N'faktura', N'korekta', N'high', 0, NULL, '2025-01-05T03:35:58', 1, N'FCR'),
    (134, 60, 183, '2025-01-04T05:08:47', '2025-01-04T06:31:47', N'closed', N'reklamacja', N'zwrot', N'high', 0, NULL, '2025-01-05T05:08:47', 1, N'FCR'),
    (135, 31, 184, '2025-01-04T04:30:32', '2025-01-04T04:40:32', N'closed', N'dostawa', N'reklamacja_dostawy', N'low', 0, NULL, '2025-01-06T04:30:32', 1, N'FCR'),
    (136, 57, 185, '2025-01-04T04:56:36', '2025-01-04T05:42:36', N'closed', N'faktura', N'duplikat_faktury', N'medium', 0, NULL, '2025-01-05T16:56:36', 1, N'FCR'),
    (137, 76, 187, '2025-01-04T05:44:27', '2025-01-04T06:29:27', N'closed', N'dostawa', N'reklamacja_dostawy', N'medium', 0, NULL, '2025-01-05T17:44:27', 1, N'FCR'),
    (138, 118, 189, '2025-01-04T06:26:06', '2025-01-04T06:32:06', N'closed', N'konto', N'reset_hasla', N'medium', 0, NULL, '2025-01-05T18:26:06', 1, N'self_service'),
    (139, 119, 190, '2025-01-04T07:06:38', '2025-01-04T08:28:38', N'closed', N'faktura', N'saldo_info', N'medium', 0, NULL, '2025-01-05T19:06:38', 1, N'FCR'),
    (140, 112, 191, '2025-01-04T07:22:09', '2025-01-04T07:51:09', N'closed', N'konto', N'reset_hasla', N'low', 0, NULL, '2025-01-06T07:22:09', 1, N'FCR'),
    (141, 96, 192, '2025-01-04T07:58:03', '2025-01-04T08:49:03', N'closed', N'konto', N'uwierzytelnienie', N'medium', 0, NULL, '2025-01-05T19:58:03', 1, N'FCR'),
    (142, 60, 194, '2025-01-04T09:54:31', '2025-01-04T11:13:31', N'closed', N'techniczne', N'konfiguracja', N'high', 0, NULL, '2025-01-05T09:54:31', 1, N'FCR'),
    (143, 38, 195, '2025-01-04T08:37:40', '2025-01-04T10:04:40', N'closed', N'reklamacja', N'reklamacja_zlozona', N'high', 0, NULL, '2025-01-05T08:37:40', 1, N'FCR'),
    (144, 59, 196, '2025-01-04T09:05:21', '2025-01-06T11:08:21', N'closed', N'reklamacja', N'reklamacja_zlozona', N'high', 1, N'wymagana analiza techniczna', '2025-01-05T09:05:21', 0, N'after_escalation'),
    (145, 63, 198, '2025-01-04T09:45:02', '2025-01-04T09:50:02', N'closed', N'dostawa', N'opoznienie', N'medium', 0, NULL, '2025-01-05T21:45:02', 1, N'self_service'),
    (146, 68, 200, '2025-01-04T10:43:08', '2025-01-04T10:47:08', N'closed', N'techniczne', N'bledy_aplikacji', N'low', 0, NULL, '2025-01-06T10:43:08', 1, N'self_service'),
    (147, 88, 202, '2025-01-04T11:36:28', '2025-01-04T12:36:28', N'closed', N'faktura', N'korekta', N'low', 0, NULL, '2025-01-06T11:36:28', 1, N'FCR'),
    (148, 73, 203, '2025-01-04T11:31:11', '2025-01-04T12:11:11', N'closed', N'reklamacja', N'zwrot', N'high', 0, NULL, '2025-01-05T11:31:11', 1, N'FCR'),
    (149, 23, 204, '2025-01-04T12:02:44', '2025-01-04T13:19:44', N'closed', N'dostawa', N'adres', N'medium', 0, NULL, '2025-01-06T00:02:44', 1, N'FCR'),
    (150, 73, 205, '2025-01-04T12:31:47', '2025-01-05T23:45:47', N'closed', N'techniczne', N'bledy_aplikacji', N'high', 1, N'wymagana analiza techniczna', '2025-01-05T12:31:47', 0, N'after_escalation'),
    (151, 99, 206, '2025-01-04T12:55:29', '2025-01-04T13:48:29', N'closed', N'faktura', N'faktura_niejasna', N'medium', 0, NULL, '2025-01-06T00:55:29', 1, N'FCR'),
    (152, 24, 207, '2025-01-04T13:17:02', '2025-01-04T13:20:02', N'closed', N'reklamacja', N'reklamacja_zlozona', N'high', 0, NULL, '2025-01-05T13:17:02', 1, N'self_service'),
    (153, 41, 209, '2025-01-04T14:04:47', '2025-01-04T15:20:47', N'closed', N'faktura', N'faktura_niejasna', N'medium', 0, NULL, '2025-01-06T02:04:47', 1, N'FCR'),
    (154, 14, 210, '2025-01-04T14:00:03', '2025-01-04T14:57:03', N'closed', N'dostawa', N'reklamacja_dostawy', N'low', 0, NULL, '2025-01-06T14:00:03', 1, N'FCR'),
    (155, 100, 211, '2025-01-04T14:23:48', '2025-01-04T15:31:48', N'closed', N'dostawa', N'adres', N'medium', 0, NULL, '2025-01-06T02:23:48', 1, N'FCR'),
    (156, 9, 212, '2025-01-04T14:52:19', '2025-01-04T16:00:19', N'closed', N'konto', N'zmiana_danych', N'medium', 0, NULL, '2025-01-06T02:52:19', 1, N'FCR'),
    (157, 59, 213, '2025-01-04T15:17:41', '2025-01-04T16:17:41', N'closed', N'faktura', N'duplikat_faktury', N'medium', 0, NULL, '2025-01-06T03:17:41', 1, N'FCR'),
    (158, 39, 214, '2025-01-04T15:47:20', '2025-01-04T16:23:20', N'closed', N'konto', N'blokada', N'high', 0, NULL, '2025-01-05T15:47:20', 1, N'FCR'),
    (159, 49, 215, '2025-01-04T16:11:52', '2025-01-04T17:15:52', N'closed', N'techniczne', N'brak_dostepu', N'medium', 0, NULL, '2025-01-06T04:11:52', 1, N'FCR'),
    (160, 57, 216, '2025-01-04T16:34:08', '2025-01-04T16:37:08', N'closed', N'konto', N'uwierzytelnienie', N'low', 0, NULL, '2025-01-06T16:34:08', 1, N'self_service'),
    (161, 102, 218, '2025-01-04T18:20:23', '2025-01-04T19:33:23', N'closed', N'dostawa', N'opoznienie', N'medium', 0, NULL, '2025-01-06T06:20:23', 1, N'FCR'),
    (162, 14, 219, '2025-01-04T17:22:07', '2025-01-04T17:29:07', N'closed', N'reklamacja', N'zwrot', N'medium', 0, NULL, '2025-01-06T05:22:07', 1, N'self_service'),
    (163, 2, 220, '2025-01-04T17:46:34', '2025-01-04T18:41:34', N'closed', N'dostawa', N'reklamacja_dostawy', N'medium', 0, NULL, '2025-01-06T05:46:34', 1, N'FCR'),
    (164, 99, 222, '2025-01-04T18:55:16', '2025-01-04T19:58:16', N'closed', N'konto', N'zmiana_danych', N'medium', 0, NULL, '2025-01-06T06:55:16', 1, N'FCR'),
    (165, 67, 223, '2025-01-04T18:46:56', '2025-01-04T19:05:56', N'closed', N'faktura', N'saldo_info', N'low', 0, NULL, '2025-01-06T18:46:56', 1, N'FCR'),
    (166, 109, 224, '2025-01-04T19:06:57', '2025-01-04T19:53:57', N'closed', N'platnosci', N'potwierdzenie', N'medium', 0, NULL, '2025-01-06T07:06:57', 1, N'FCR'),
    (167, 60, 225, '2025-01-04T19:30:15', '2025-01-04T20:00:15', N'closed', N'platnosci', N'potwierdzenie', N'medium', 0, NULL, '2025-01-06T07:30:15', 1, N'FCR'),
    (168, 104, 228, '2025-01-04T20:41:27', '2025-01-04T21:26:27', N'closed', N'dostawa', N'reklamacja_dostawy', N'high', 0, NULL, '2025-01-05T20:41:27', 1, N'FCR'),
    (169, 76, 231, '2025-01-04T22:17:58', '2025-01-06T06:44:58', N'closed', N'techniczne', N'konfiguracja', N'high', 1, N'decyzja back-office', '2025-01-05T22:17:58', 0, N'after_escalation'),
    (170, 38, 235, '2025-01-04T22:45:17', '2025-01-04T23:04:17', N'closed', N'dostawa', N'opoznienie', N'medium', 0, NULL, '2025-01-06T10:45:17', 1, N'FCR'),
    (171, 14, 237, '2025-01-04T23:39:35', '2025-01-05T00:14:35', N'closed', N'konto', N'zmiana_danych', N'medium', 0, NULL, '2025-01-06T11:39:35', 1, N'FCR'),
    (172, 104, 238, '2025-01-05T00:08:29', '2025-01-05T00:34:29', N'closed', N'reklamacja', N'brak_kompensaty', N'medium', 0, NULL, '2025-01-06T12:08:29', 1, N'FCR'),
    (173, 91, 239, '2025-01-05T00:29:04', '2025-01-05T00:34:04', N'closed', N'dostawa', N'adres', N'high', 0, NULL, '2025-01-06T00:29:04', 1, N'self_service'),
    (174, 66, 242, '2025-01-05T01:47:47', '2025-01-05T02:50:47', N'closed', N'konto', N'blokada', N'medium', 0, NULL, '2025-01-06T13:47:47', 1, N'FCR'),
    (175, 109, 244, '2025-01-05T03:20:47', '2025-01-05T03:41:47', N'closed', N'konto', N'uwierzytelnienie', N'medium', 0, NULL, '2025-01-06T15:20:47', 1, N'FCR'),
    (176, 101, 245, '2025-01-05T02:35:52', '2025-01-05T03:00:52', N'closed', N'faktura', N'faktura_niejasna', N'high', 0, NULL, '2025-01-06T02:35:52', 1, N'FCR'),
    (177, 12, 247, '2025-01-05T03:28:30', '2025-01-05T03:44:30', N'closed', N'techniczne', N'awaria_uslugi', N'medium', 0, NULL, '2025-01-06T15:28:30', 1, N'FCR'),
    (178, 1, 248, '2025-01-05T03:46:51', '2025-01-05T04:45:51', N'closed', N'reklamacja', N'uszkodzenie', N'high', 0, NULL, '2025-01-06T03:46:51', 1, N'FCR'),
    (179, 62, 249, '2025-01-05T04:07:03', '2025-01-05T04:12:03', N'closed', N'faktura', N'duplikat_faktury', N'medium', 0, NULL, '2025-01-06T16:07:03', 1, N'self_service'),
    (180, 49, 250, '2025-01-05T04:34:07', '2025-01-05T04:38:07', N'closed', N'faktura', N'duplikat_faktury', N'medium', 0, NULL, '2025-01-06T16:34:07', 1, N'self_service'),
    (181, 118, 251, '2025-01-05T05:08:06', '2025-01-05T05:15:06', N'closed', N'reklamacja', N'brak_kompensaty', N'medium', 0, NULL, '2025-01-06T17:08:06', 1, N'self_service'),
    (182, 102, 252, '2025-01-05T05:28:17', '2025-01-05T05:36:17', N'closed', N'platnosci', N'raty', N'medium', 0, NULL, '2025-01-06T17:28:17', 1, N'FCR'),
    (183, 27, 253, '2025-01-05T05:56:36', '2025-01-05T07:17:36', N'closed', N'techniczne', N'awaria_uslugi', N'low', 0, NULL, '2025-01-07T05:56:36', 1, N'FCR'),
    (184, 68, 254, '2025-01-05T06:12:52', '2025-01-05T06:19:52', N'closed', N'reklamacja', N'zwrot', N'high', 0, NULL, '2025-01-06T06:12:52', 1, N'FCR'),
    (185, 2, 255, '2025-01-05T06:46:45', '2025-01-05T07:42:45', N'closed', N'faktura', N'saldo_info', N'medium', 0, NULL, '2025-01-06T18:46:45', 1, N'FCR'),
    (186, 82, 256, '2025-01-05T07:05:28', '2025-01-05T08:33:28', N'closed', N'techniczne', N'awaria_uslugi', N'high', 0, NULL, '2025-01-06T07:05:28', 1, N'FCR'),
    (187, 40, 257, '2025-01-05T07:41:08', '2025-01-05T09:10:08', N'closed', N'faktura', N'duplikat_faktury', N'medium', 0, NULL, '2025-01-06T19:41:08', 1, N'FCR'),
    (188, 16, 258, '2025-01-05T07:53:12', '2025-01-05T08:14:12', N'closed', N'platnosci', N'raty', N'low', 0, NULL, '2025-01-07T07:53:12', 1, N'FCR'),
    (189, 34, 260, '2025-01-05T08:44:20', '2025-01-05T09:02:20', N'closed', N'dostawa', N'opoznienie', N'low', 0, NULL, '2025-01-07T08:44:20', 1, N'FCR'),
    (190, 30, 262, '2025-01-05T10:02:18', '2025-01-05T10:35:18', N'closed', N'reklamacja', N'brak_kompensaty', N'medium', 0, NULL, '2025-01-06T22:02:18', 1, N'FCR'),
    (191, 32, 263, '2025-01-05T09:46:30', '2025-01-05T09:56:30', N'closed', N'techniczne', N'konfiguracja', N'high', 0, NULL, '2025-01-06T09:46:30', 1, N'FCR'),
    (192, 9, 264, '2025-01-05T10:11:53', '2025-01-05T11:35:53', N'closed', N'techniczne', N'brak_dostepu', N'high', 0, NULL, '2025-01-06T10:11:53', 1, N'FCR'),
    (193, 60, 265, '2025-01-05T10:33:46', '2025-01-05T11:07:46', N'closed', N'reklamacja', N'brak_kompensaty', N'high', 0, NULL, '2025-01-06T10:33:46', 1, N'FCR'),
    (194, 82, 266, '2025-01-05T10:46:05', '2025-01-05T11:21:05', N'closed', N'platnosci', N'potwierdzenie', N'medium', 0, NULL, '2025-01-06T22:46:05', 1, N'FCR'),
    (195, 53, 268, '2025-01-05T11:46:05', '2025-01-05T11:56:05', N'closed', N'dostawa', N'opoznienie', N'low', 0, NULL, '2025-01-07T11:46:05', 1, N'self_service'),
    (196, 56, 269, '2025-01-05T12:08:14', '2025-01-06T00:20:14', N'closed', N'techniczne', N'awaria_uslugi', N'high', 1, N'decyzja back-office', '2025-01-06T12:08:14', 1, N'after_escalation'),
    (197, 14, 270, '2025-01-05T12:32:32', '2025-01-06T03:37:32', N'closed', N'techniczne', N'bledy_aplikacji', N'high', 1, N'decyzja back-office', '2025-01-06T12:32:32', 1, N'after_escalation'),
    (198, 110, 273, '2025-01-05T13:54:06', '2025-01-05T13:55:06', N'closed', N'reklamacja', N'uszkodzenie', N'high', 0, NULL, '2025-01-06T13:54:06', 1, N'self_service'),
    (199, 17, 274, '2025-01-05T14:15:03', '2025-01-05T14:45:03', N'closed', N'techniczne', N'konfiguracja', N'low', 0, NULL, '2025-01-07T14:15:03', 1, N'FCR'),
    (200, 51, 277, '2025-01-05T16:00:12', '2025-01-05T17:23:12', N'closed', N'platnosci', N'chargeback', N'medium', 0, NULL, '2025-01-07T04:00:12', 1, N'FCR');

INSERT INTO dbo.cases (case_id, customer_id, first_call_id, opened_at, closed_at, status, case_category, case_subcategory, priority, is_escalated_to_2nd_line, escalation_reason, sla_due_at, resolved_in_sla, resolution_type) VALUES
    (201, 83, 278, '2025-01-05T15:29:05', '2025-01-05T15:33:05', N'closed', N'dostawa', N'adres', N'low', 0, NULL, '2025-01-07T15:29:05', 1, N'self_service'),
    (202, 35, 280, '2025-01-05T16:17:28', '2025-01-05T17:22:28', N'closed', N'dostawa', N'kurier', N'high', 0, NULL, '2025-01-06T16:17:28', 1, N'FCR'),
    (203, 41, 283, '2025-01-05T17:37:20', '2025-01-05T18:45:20', N'closed', N'platnosci', N'raty', N'high', 0, NULL, '2025-01-06T17:37:20', 1, N'FCR'),
    (204, 8, 286, '2025-01-05T18:42:31', '2025-01-05T19:30:31', N'closed', N'faktura', N'korekta', N'medium', 0, NULL, '2025-01-07T06:42:31', 1, N'FCR'),
    (205, 89, 288, '2025-01-05T19:42:45', '2025-01-05T21:00:45', N'closed', N'konto', N'uwierzytelnienie', N'high', 0, NULL, '2025-01-06T19:42:45', 1, N'FCR'),
    (206, 109, 289, '2025-01-05T19:59:25', '2025-01-05T20:13:25', N'closed', N'dostawa', N'adres', N'medium', 0, NULL, '2025-01-07T07:59:25', 1, N'FCR'),
    (207, 45, 290, '2025-01-05T20:32:43', '2025-01-05T21:08:43', N'closed', N'platnosci', N'odmowa', N'medium', 0, NULL, '2025-01-07T08:32:43', 1, N'FCR'),
    (208, 45, 292, '2025-01-05T21:49:24', '2025-01-05T22:42:24', N'closed', N'platnosci', N'odmowa', N'medium', 0, NULL, '2025-01-07T09:49:24', 1, N'FCR'),
    (209, 107, 293, '2025-01-05T21:27:26', '2025-01-05T21:41:26', N'closed', N'reklamacja', N'brak_kompensaty', N'high', 0, NULL, '2025-01-06T21:27:26', 1, N'FCR'),
    (210, 22, 295, '2025-01-05T23:17:38', '2025-01-06T00:17:38', N'closed', N'dostawa', N'adres', N'low', 0, NULL, '2025-01-07T23:17:38', 1, N'FCR'),
    (211, 7, 296, '2025-01-05T22:07:11', '2025-01-07T07:43:11', N'closed', N'reklamacja', N'uszkodzenie', N'medium', 1, N'niestandardowy przypadek', '2025-01-07T10:07:11', 1, N'after_escalation'),
    (212, 47, 297, '2025-01-05T22:26:42', '2025-01-07T00:31:42', N'closed', N'techniczne', N'awaria_uslugi', N'high', 1, N'niestandardowy przypadek', '2025-01-06T22:26:42', 0, N'after_escalation'),
    (213, 101, 298, '2025-01-05T23:04:29', '2025-01-05T23:56:29', N'closed', N'platnosci', N'chargeback', N'high', 0, NULL, '2025-01-06T23:04:29', 1, N'FCR'),
    (214, 58, 299, '2025-01-05T23:17:50', '2025-01-06T00:47:50', N'closed', N'konto', N'reset_hasla', N'medium', 0, NULL, '2025-01-07T11:17:50', 1, N'FCR'),
    (215, 11, 300, '2025-01-05T23:54:31', '2025-01-06T00:59:31', N'closed', N'konto', N'zmiana_danych', N'high', 0, NULL, '2025-01-06T23:54:31', 1, N'FCR'),
    (216, 61, 301, '2025-01-06T00:18:51', '2025-01-06T01:20:51', N'closed', N'platnosci', N'chargeback', N'low', 0, NULL, '2025-01-08T00:18:51', 1, N'FCR'),
    (217, 22, 302, '2025-01-06T00:36:08', '2025-01-06T00:39:08', N'closed', N'reklamacja', N'brak_kompensaty', N'high', 0, NULL, '2025-01-07T00:36:08', 1, N'self_service'),
    (218, 41, 304, '2025-01-06T02:24:21', '2025-01-06T03:35:21', N'closed', N'dostawa', N'reklamacja_dostawy', N'medium', 0, NULL, '2025-01-07T14:24:21', 1, N'FCR'),
    (219, 15, 305, '2025-01-06T01:37:52', '2025-01-06T01:54:52', N'closed', N'dostawa', N'kurier', N'medium', 0, NULL, '2025-01-07T13:37:52', 1, N'FCR'),
    (220, 112, 306, '2025-01-06T01:57:22', '2025-01-06T02:20:22', N'closed', N'konto', N'uwierzytelnienie', N'medium', 0, NULL, '2025-01-07T13:57:22', 1, N'FCR'),
    (221, 5, 307, '2025-01-06T02:24:44', '2025-01-06T03:07:44', N'closed', N'faktura', N'korekta', N'medium', 0, NULL, '2025-01-07T14:24:44', 1, N'FCR'),
    (222, 36, 308, '2025-01-06T02:54:13', '2025-01-06T04:21:13', N'closed', N'reklamacja', N'zwrot', N'high', 0, NULL, '2025-01-07T02:54:13', 1, N'FCR'),
    (223, 25, 309, '2025-01-06T03:19:00', '2025-01-06T03:44:00', N'closed', N'platnosci', N'odmowa', N'medium', 0, NULL, '2025-01-07T15:19:00', 1, N'FCR'),
    (224, 108, 312, '2025-01-06T04:43:41', '2025-01-06T05:03:41', N'closed', N'konto', N'reset_hasla', N'medium', 0, NULL, '2025-01-07T16:43:41', 1, N'FCR'),
    (225, 31, 313, '2025-01-06T04:29:05', '2025-01-06T04:45:05', N'closed', N'reklamacja', N'brak_kompensaty', N'medium', 0, NULL, '2025-01-07T16:29:05', 1, N'FCR'),
    (226, 83, 315, '2025-01-06T05:16:27', '2025-01-06T13:30:27', N'closed', N'techniczne', N'bledy_aplikacji', N'low', 1, N'reklamacja złożona', '2025-01-08T05:16:27', 1, N'after_escalation'),
    (227, 87, 317, '2025-01-06T06:11:28', '2025-01-06T07:32:28', N'closed', N'faktura', N'korekta', N'medium', 0, NULL, '2025-01-07T18:11:28', 1, N'FCR'),
    (228, 39, 318, '2025-01-06T06:26:35', '2025-01-06T07:01:35', N'closed', N'techniczne', N'awaria_uslugi', N'high', 0, NULL, '2025-01-07T06:26:35', 1, N'FCR'),
    (229, 104, 319, '2025-01-06T06:57:07', '2025-01-06T07:02:07', N'closed', N'platnosci', N'potwierdzenie', N'high', 0, NULL, '2025-01-07T06:57:07', 1, N'self_service'),
    (230, 52, 320, '2025-01-06T07:24:13', '2025-01-06T08:50:13', N'closed', N'dostawa', N'reklamacja_dostawy', N'medium', 0, NULL, '2025-01-07T19:24:13', 1, N'FCR'),
    (231, 117, 321, '2025-01-06T07:48:34', '2025-01-06T09:04:34', N'closed', N'reklamacja', N'uszkodzenie', N'medium', 0, NULL, '2025-01-07T19:48:34', 1, N'FCR'),
    (232, 88, 322, '2025-01-06T08:12:40', '2025-01-06T09:16:40', N'closed', N'reklamacja', N'zwrot', N'high', 0, NULL, '2025-01-07T08:12:40', 1, N'FCR'),
    (233, 61, 323, '2025-01-06T08:29:07', '2025-01-06T08:53:07', N'closed', N'konto', N'zmiana_danych', N'medium', 0, NULL, '2025-01-07T20:29:07', 1, N'FCR'),
    (234, 26, 324, '2025-01-06T09:01:58', '2025-01-06T09:46:58', N'closed', N'reklamacja', N'zwrot', N'high', 0, NULL, '2025-01-07T09:01:58', 1, N'FCR'),
    (235, 100, 327, '2025-01-06T10:39:11', '2025-01-06T10:45:11', N'closed', N'platnosci', N'raty', N'medium', 0, NULL, '2025-01-07T22:39:11', 1, N'FCR'),
    (236, 46, 331, '2025-01-06T11:28:23', '2025-01-06T11:54:23', N'closed', N'faktura', N'saldo_info', N'medium', 0, NULL, '2025-01-07T23:28:23', 1, N'FCR'),
    (237, 47, 332, '2025-01-06T11:50:01', '2025-01-06T11:57:01', N'closed', N'dostawa', N'opoznienie', N'medium', 0, NULL, '2025-01-07T23:50:01', 1, N'FCR'),
    (238, 20, 334, '2025-01-06T12:41:07', '2025-01-06T12:48:07', N'closed', N'techniczne', N'awaria_uslugi', N'medium', 0, NULL, '2025-01-08T00:41:07', 1, N'self_service'),
    (239, 66, 335, '2025-01-06T13:05:00', '2025-01-06T14:02:00', N'closed', N'faktura', N'korekta', N'medium', 0, NULL, '2025-01-08T01:05:00', 1, N'FCR'),
    (240, 12, 337, '2025-01-06T13:58:37', '2025-01-06T14:36:37', N'closed', N'reklamacja', N'reklamacja_zlozona', N'medium', 0, NULL, '2025-01-08T01:58:37', 1, N'FCR'),
    (241, 7, 339, '2025-01-06T15:18:54', '2025-01-06T15:28:54', N'closed', N'faktura', N'saldo_info', N'high', 0, NULL, '2025-01-07T15:18:54', 1, N'FCR'),
    (242, 84, 342, '2025-01-06T15:36:33', '2025-01-06T16:56:33', N'closed', N'platnosci', N'potwierdzenie', N'medium', 0, NULL, '2025-01-08T03:36:33', 1, N'FCR'),
    (243, 103, 343, '2025-01-06T16:14:00', '2025-01-06T17:15:00', N'closed', N'techniczne', N'awaria_uslugi', N'medium', 0, NULL, '2025-01-08T04:14:00', 1, N'FCR'),
    (244, 9, 344, '2025-01-06T16:32:32', '2025-01-06T18:02:32', N'closed', N'faktura', N'korekta', N'high', 0, NULL, '2025-01-07T16:32:32', 1, N'FCR'),
    (245, 67, 345, '2025-01-06T16:49:49', '2025-01-06T17:14:49', N'closed', N'konto', N'uwierzytelnienie', N'low', 0, NULL, '2025-01-08T16:49:49', 1, N'FCR'),
    (246, 110, 347, '2025-01-06T18:08:13', '2025-01-06T19:04:13', N'closed', N'faktura', N'duplikat_faktury', N'medium', 0, NULL, '2025-01-08T06:08:13', 1, N'FCR'),
    (247, 52, 349, '2025-01-06T18:17:30', '2025-01-06T19:33:30', N'closed', N'faktura', N'duplikat_faktury', N'high', 0, NULL, '2025-01-07T18:17:30', 1, N'FCR'),
    (248, 84, 350, '2025-01-06T18:42:48', '2025-01-06T19:33:48', N'closed', N'faktura', N'faktura_niejasna', N'medium', 0, NULL, '2025-01-08T06:42:48', 1, N'FCR'),
    (249, 15, 351, '2025-01-06T18:55:25', '2025-01-06T19:05:25', N'closed', N'faktura', N'duplikat_faktury', N'medium', 0, NULL, '2025-01-08T06:55:25', 1, N'FCR'),
    (250, 120, 353, '2025-01-06T19:52:03', '2025-01-06T20:02:03', N'closed', N'reklamacja', N'zwrot', N'high', 0, NULL, '2025-01-07T19:52:03', 1, N'self_service'),
    (251, 99, 354, '2025-01-06T20:23:05', '2025-01-06T20:50:05', N'closed', N'reklamacja', N'uszkodzenie', N'medium', 0, NULL, '2025-01-08T08:23:05', 1, N'FCR'),
    (252, 94, 355, '2025-01-06T20:39:11', '2025-01-06T22:01:11', N'closed', N'platnosci', N'chargeback', N'medium', 0, NULL, '2025-01-08T08:39:11', 1, N'FCR'),
    (253, 36, 356, '2025-01-06T21:07:04', '2025-01-06T21:16:04', N'closed', N'konto', N'blokada', N'high', 0, NULL, '2025-01-07T21:07:04', 1, N'self_service'),
    (254, 92, 357, '2025-01-06T21:29:56', '2025-01-06T22:57:56', N'closed', N'dostawa', N'adres', N'high', 0, NULL, '2025-01-07T21:29:56', 1, N'FCR'),
    (255, 65, 358, '2025-01-06T21:58:57', '2025-01-06T22:57:57', N'closed', N'techniczne', N'awaria_uslugi', N'high', 0, NULL, '2025-01-07T21:58:57', 1, N'FCR'),
    (256, 67, 359, '2025-01-06T22:13:02', '2025-01-06T22:18:02', N'closed', N'reklamacja', N'brak_kompensaty', N'low', 0, NULL, '2025-01-08T22:13:02', 1, N'self_service'),
    (257, 19, 360, '2025-01-06T22:36:07', '2025-01-06T22:45:07', N'closed', N'reklamacja', N'uszkodzenie', N'high', 0, NULL, '2025-01-07T22:36:07', 1, N'self_service'),
    (258, 96, 361, '2025-01-06T23:15:20', '2025-01-07T00:00:20', N'closed', N'platnosci', N'odmowa', N'medium', 0, NULL, '2025-01-08T11:15:20', 1, N'FCR'),
    (259, 2, 362, '2025-01-06T23:37:43', '2025-01-07T00:04:43', N'closed', N'reklamacja', N'zwrot', N'high', 0, NULL, '2025-01-07T23:37:43', 1, N'FCR'),
    (260, 24, 364, '2025-01-07T00:40:36', '2025-01-07T01:44:36', N'closed', N'faktura', N'duplikat_faktury', N'low', 0, NULL, '2025-01-09T00:40:36', 1, N'FCR'),
    (261, 6, 365, '2025-01-07T00:23:07', '2025-01-07T01:08:07', N'closed', N'platnosci', N'chargeback', N'low', 0, NULL, '2025-01-09T00:23:07', 1, N'FCR'),
    (262, 24, 366, '2025-01-07T00:45:16', '2025-01-07T01:27:16', N'closed', N'reklamacja', N'uszkodzenie', N'medium', 0, NULL, '2025-01-08T12:45:16', 1, N'FCR'),
    (263, 88, 368, '2025-01-07T01:44:47', '2025-01-07T02:54:47', N'closed', N'konto', N'uwierzytelnienie', N'medium', 0, NULL, '2025-01-08T13:44:47', 1, N'FCR'),
    (264, 63, 369, '2025-01-07T02:01:07', '2025-01-07T02:33:07', N'closed', N'techniczne', N'konfiguracja', N'low', 0, NULL, '2025-01-09T02:01:07', 1, N'FCR'),
    (265, 107, 370, '2025-01-07T02:27:31', '2025-01-07T02:51:31', N'closed', N'platnosci', N'odmowa', N'medium', 0, NULL, '2025-01-08T14:27:31', 1, N'FCR'),
    (266, 59, 371, '2025-01-07T02:56:06', '2025-01-07T03:53:06', N'closed', N'faktura', N'faktura_niejasna', N'high', 0, NULL, '2025-01-08T02:56:06', 1, N'FCR'),
    (267, 58, 372, '2025-01-07T03:22:05', '2025-01-07T03:32:05', N'closed', N'faktura', N'saldo_info', N'medium', 0, NULL, '2025-01-08T15:22:05', 1, N'self_service'),
    (268, 97, 374, '2025-01-07T04:40:47', '2025-01-07T04:48:47', N'closed', N'techniczne', N'konfiguracja', N'high', 0, NULL, '2025-01-08T04:40:47', 1, N'FCR'),
    (269, 21, 375, '2025-01-07T04:11:21', '2025-01-07T04:17:21', N'closed', N'dostawa', N'adres', N'high', 0, NULL, '2025-01-08T04:11:21', 1, N'FCR'),
    (270, 16, 376, '2025-01-07T04:26:02', '2025-01-07T04:32:02', N'closed', N'dostawa', N'adres', N'medium', 0, NULL, '2025-01-08T16:26:02', 1, N'self_service'),
    (271, 24, 378, '2025-01-07T05:16:08', '2025-01-07T05:20:08', N'closed', N'konto', N'uwierzytelnienie', N'medium', 0, NULL, '2025-01-08T17:16:08', 1, N'self_service'),
    (272, 43, 379, '2025-01-07T05:51:03', '2025-01-07T05:59:03', N'closed', N'faktura', N'korekta', N'medium', 0, NULL, '2025-01-08T17:51:03', 1, N'self_service'),
    (273, 79, 380, '2025-01-07T06:15:44', '2025-01-07T06:48:44', N'closed', N'dostawa', N'reklamacja_dostawy', N'medium', 0, NULL, '2025-01-08T18:15:44', 1, N'FCR'),
    (274, 36, 382, '2025-01-07T08:07:24', '2025-01-07T08:47:24', N'closed', N'konto', N'zmiana_danych', N'medium', 0, NULL, '2025-01-08T20:07:24', 1, N'FCR'),
    (275, 115, 383, '2025-01-07T07:01:04', '2025-01-07T07:11:04', N'closed', N'platnosci', N'potwierdzenie', N'medium', 0, NULL, '2025-01-08T19:01:04', 1, N'self_service'),
    (276, 99, 384, '2025-01-07T07:30:34', '2025-01-09T05:16:34', N'closed', N'techniczne', N'brak_dostepu', N'high', 1, N'reklamacja złożona', '2025-01-08T07:30:34', 0, N'after_escalation'),
    (277, 85, 387, '2025-01-07T08:40:59', '2025-01-08T06:13:59', N'closed', N'techniczne', N'konfiguracja', N'high', 1, N'reklamacja złożona', '2025-01-08T08:40:59', 1, N'after_escalation'),
    (278, 118, 388, '2025-01-07T09:17:24', '2025-01-07T09:55:24', N'closed', N'platnosci', N'chargeback', N'high', 0, NULL, '2025-01-08T09:17:24', 1, N'FCR'),
    (279, 49, 389, '2025-01-07T09:40:00', '2025-01-07T10:29:00', N'closed', N'dostawa', N'reklamacja_dostawy', N'medium', 0, NULL, '2025-01-08T21:40:00', 1, N'FCR'),
    (280, 66, 391, '2025-01-07T10:24:27', '2025-01-07T10:43:27', N'closed', N'reklamacja', N'reklamacja_zlozona', N'high', 0, NULL, '2025-01-08T10:24:27', 1, N'FCR'),
    (281, 87, 392, '2025-01-07T10:57:08', '2025-01-07T12:17:08', N'closed', N'dostawa', N'adres', N'low', 0, NULL, '2025-01-09T10:57:08', 1, N'FCR'),
    (282, 18, 393, '2025-01-07T11:11:04', '2025-01-07T12:28:04', N'closed', N'faktura', N'saldo_info', N'medium', 0, NULL, '2025-01-08T23:11:04', 1, N'FCR'),
    (283, 88, 396, '2025-01-07T12:30:05', '2025-01-07T12:39:05', N'closed', N'reklamacja', N'reklamacja_zlozona', N'high', 0, NULL, '2025-01-08T12:30:05', 1, N'self_service'),
    (284, 106, 397, '2025-01-07T12:53:37', '2025-01-07T14:15:37', N'closed', N'reklamacja', N'zwrot', N'high', 0, NULL, '2025-01-08T12:53:37', 1, N'FCR'),
    (285, 115, 398, '2025-01-07T13:25:32', '2025-01-07T14:43:32', N'closed', N'techniczne', N'awaria_uslugi', N'medium', 0, NULL, '2025-01-09T01:25:32', 1, N'FCR'),
    (286, 55, 400, '2025-01-07T14:47:09', '2025-01-07T15:58:09', N'closed', N'reklamacja', N'zwrot', N'low', 0, NULL, '2025-01-09T14:47:09', 1, N'FCR'),
    (287, 75, 402, '2025-01-07T14:36:28', '2025-01-07T15:52:28', N'closed', N'konto', N'uwierzytelnienie', N'medium', 0, NULL, '2025-01-09T02:36:28', 1, N'FCR'),
    (288, 23, 403, '2025-01-07T15:05:50', '2025-01-07T16:07:50', N'closed', N'techniczne', N'brak_dostepu', N'medium', 0, NULL, '2025-01-09T03:05:50', 1, N'FCR'),
    (289, 13, 404, '2025-01-07T15:25:32', '2025-01-07T15:30:32', N'closed', N'techniczne', N'awaria_uslugi', N'high', 0, NULL, '2025-01-08T15:25:32', 1, N'FCR'),
    (290, 78, 406, '2025-01-07T16:10:03', '2025-01-07T16:37:03', N'closed', N'konto', N'uwierzytelnienie', N'high', 0, NULL, '2025-01-08T16:10:03', 1, N'FCR'),
    (291, 57, 407, '2025-01-07T16:33:56', '2025-01-07T18:01:56', N'closed', N'techniczne', N'awaria_uslugi', N'medium', 0, NULL, '2025-01-09T04:33:56', 1, N'FCR'),
    (292, 21, 409, '2025-01-07T18:10:37', '2025-01-07T19:26:37', N'closed', N'techniczne', N'bledy_aplikacji', N'medium', 0, NULL, '2025-01-09T06:10:37', 1, N'FCR'),
    (293, 65, 411, '2025-01-07T17:51:01', '2025-01-07T19:09:01', N'closed', N'dostawa', N'kurier', N'high', 0, NULL, '2025-01-08T17:51:01', 1, N'FCR'),
    (294, 89, 412, '2025-01-07T18:28:35', '2025-01-07T19:06:35', N'closed', N'reklamacja', N'zwrot', N'high', 0, NULL, '2025-01-08T18:28:35', 1, N'FCR'),
    (295, 49, 414, '2025-01-07T19:12:47', '2025-01-07T20:00:47', N'closed', N'techniczne', N'awaria_uslugi', N'high', 0, NULL, '2025-01-08T19:12:47', 1, N'FCR'),
    (296, 71, 415, '2025-01-07T19:10:22', '2025-01-07T19:48:22', N'closed', N'techniczne', N'brak_dostepu', N'low', 0, NULL, '2025-01-09T19:10:22', 1, N'FCR'),
    (297, 30, 416, '2025-01-07T19:36:09', '2025-01-07T21:05:09', N'closed', N'dostawa', N'reklamacja_dostawy', N'medium', 0, NULL, '2025-01-09T07:36:09', 1, N'FCR'),
    (298, 79, 418, '2025-01-07T21:29:10', '2025-01-07T22:39:10', N'closed', N'faktura', N'korekta', N'medium', 0, NULL, '2025-01-09T09:29:10', 1, N'FCR'),
    (299, 51, 420, '2025-01-07T20:49:40', '2025-01-07T21:52:40', N'closed', N'faktura', N'saldo_info', N'medium', 0, NULL, '2025-01-09T08:49:40', 1, N'FCR'),
    (300, 90, 422, '2025-01-07T21:52:20', '2025-01-07T22:27:20', N'closed', N'faktura', N'korekta', N'medium', 0, NULL, '2025-01-09T09:52:20', 1, N'FCR'),
    (301, 61, 424, '2025-01-07T22:35:17', '2025-01-07T22:56:17', N'closed', N'konto', N'zmiana_danych', N'low', 0, NULL, '2025-01-09T22:35:17', 1, N'FCR'),
    (302, 105, 425, '2025-01-07T21:34:53', '2025-01-07T21:56:53', N'closed', N'reklamacja', N'brak_kompensaty', N'low', 0, NULL, '2025-01-09T21:34:53', 1, N'FCR'),
    (303, 101, 426, '2025-01-07T22:10:04', '2025-01-07T22:11:04', N'closed', N'dostawa', N'adres', N'medium', 0, NULL, '2025-01-09T10:10:04', 1, N'self_service'),
    (304, 72, 428, '2025-01-07T22:54:31', '2025-01-07T23:35:31', N'closed', N'konto', N'blokada', N'high', 0, NULL, '2025-01-08T22:54:31', 1, N'FCR'),
    (305, 42, 430, '2025-01-08T00:18:40', '2025-01-08T01:41:40', N'closed', N'faktura', N'faktura_niejasna', N'medium', 0, NULL, '2025-01-09T12:18:40', 1, N'FCR'),
    (306, 109, 432, '2025-01-08T00:37:06', '2025-01-08T01:57:06', N'closed', N'techniczne', N'konfiguracja', N'medium', 0, NULL, '2025-01-09T12:37:06', 1, N'FCR'),
    (307, 53, 433, '2025-01-08T00:08:39', '2025-01-08T00:25:39', N'closed', N'reklamacja', N'zwrot', N'high', 0, NULL, '2025-01-09T00:08:39', 1, N'FCR'),
    (308, 120, 434, '2025-01-08T00:41:13', '2025-01-08T00:56:13', N'closed', N'faktura', N'faktura_niejasna', N'medium', 0, NULL, '2025-01-09T12:41:13', 1, N'FCR'),
    (309, 40, 435, '2025-01-08T00:57:03', '2025-01-08T01:03:03', N'closed', N'konto', N'blokada', N'low', 0, NULL, '2025-01-10T00:57:03', 1, N'self_service'),
    (310, 111, 436, '2025-01-08T01:30:05', '2025-01-08T01:40:05', N'closed', N'techniczne', N'konfiguracja', N'medium', 0, NULL, '2025-01-09T13:30:05', 1, N'self_service'),
    (311, 68, 437, '2025-01-08T01:49:04', '2025-01-08T01:54:04', N'closed', N'dostawa', N'adres', N'medium', 0, NULL, '2025-01-09T13:49:04', 1, N'self_service'),
    (312, 39, 439, '2025-01-08T02:33:13', '2025-01-08T03:28:13', N'closed', N'techniczne', N'brak_dostepu', N'high', 0, NULL, '2025-01-09T02:33:13', 1, N'FCR'),
    (313, 21, 441, '2025-01-08T04:44:40', '2025-01-08T05:23:40', N'closed', N'reklamacja', N'reklamacja_zlozona', N'medium', 0, NULL, '2025-01-09T16:44:40', 1, N'FCR'),
    (314, 42, 443, '2025-01-08T03:46:52', '2025-01-08T03:52:52', N'closed', N'dostawa', N'adres', N'medium', 0, NULL, '2025-01-09T15:46:52', 1, N'FCR'),
    (315, 12, 445, '2025-01-08T05:23:28', '2025-01-08T05:46:28', N'closed', N'reklamacja', N'zwrot', N'high', 0, NULL, '2025-01-09T05:23:28', 1, N'FCR'),
    (316, 35, 446, '2025-01-08T04:52:15', '2025-01-08T05:12:15', N'closed', N'konto', N'zmiana_danych', N'high', 0, NULL, '2025-01-09T04:52:15', 1, N'FCR'),
    (317, 50, 447, '2025-01-08T05:17:32', '2025-01-08T06:03:32', N'closed', N'reklamacja', N'uszkodzenie', N'medium', 0, NULL, '2025-01-09T17:17:32', 1, N'FCR'),
    (318, 111, 449, '2025-01-08T05:56:02', '2025-01-08T06:03:02', N'closed', N'platnosci', N'chargeback', N'medium', 0, NULL, '2025-01-09T17:56:02', 1, N'self_service'),
    (319, 2, 451, '2025-01-08T06:59:14', '2025-01-08T08:24:14', N'closed', N'platnosci', N'odmowa', N'medium', 0, NULL, '2025-01-09T18:59:14', 1, N'FCR'),
    (320, 8, 452, '2025-01-08T06:51:07', '2025-01-08T07:00:07', N'closed', N'platnosci', N'raty', N'low', 0, NULL, '2025-01-10T06:51:07', 1, N'self_service');


GO


INSERT INTO dbo.contacts (contact_id, case_id, call_id, customer_id, agent_id, contact_time, channel, contact_type, is_first_contact, resolved_this_contact, is_inbound) VALUES
    (1, 1, 2, 91, 15, '2025-01-01T09:03:37', N'phone', N'inbound_call', 1, 1, 1),
    (2, 2, 3, 15, 12, '2025-01-01T09:21:19', N'phone', N'inbound_call', 1, 1, 1),
    (3, 3, 4, 12, 11, '2025-01-01T09:55:25', N'phone', N'inbound_call', 1, 1, 1),
    (4, 4, 5, 72, 10, '2025-01-01T10:08:07', N'chat', N'inbound_call', 1, 1, 1),
    (5, 6, 7, 111, 6, '2025-01-01T11:04:25', N'phone', N'inbound_call', 1, 1, 1),
    (6, 7, 8, 21, 8, '2025-01-01T11:25:13', N'phone', N'inbound_call', 1, 1, 1),
    (7, 8, 9, 4, 5, '2025-01-01T11:53:51', N'phone', N'inbound_call', 1, 1, 1),
    (8, 9, 11, 116, 13, '2025-01-01T12:44:01', N'phone', N'inbound_call', 1, 1, 1),
    (9, 10, 12, 80, 6, '2025-01-01T13:12:40', N'email', N'inbound_call', 1, 1, 1),
    (10, 11, 14, 86, 4, '2025-01-01T14:30:37', N'phone', N'outbound_callback', 1, 1, 0),
    (11, 12, 15, 57, 13, '2025-01-01T14:08:17', N'phone', N'inbound_call', 1, 1, 1),
    (12, 14, 17, 59, 4, '2025-01-01T14:54:43', N'phone', N'inbound_call', 1, 1, 1),
    (13, 15, 19, 59, 6, '2025-01-01T15:39:45', N'phone', N'inbound_call', 1, 1, 1),
    (14, 16, 21, 36, 4, '2025-01-01T16:37:21', N'phone', N'inbound_call', 1, 1, 1),
    (15, 17, 23, 30, 7, '2025-01-01T18:27:04', N'phone', N'outbound_callback', 1, 1, 0),
    (16, 18, 25, 110, 12, '2025-01-01T19:00:10', N'phone', N'outbound_callback', 1, 0, 0),
    (17, 19, 26, 87, 10, '2025-01-01T17:50:27', N'chat', N'inbound_call', 1, 1, 1),
    (18, 20, 29, 84, 10, '2025-01-01T18:53:27', N'chat', N'inbound_call', 1, 1, 1),
    (19, 21, 30, 73, 12, '2025-01-01T19:25:15', N'phone', N'inbound_call', 1, 1, 1),
    (20, 24, 34, 84, 10, '2025-01-01T21:05:57', N'phone', N'inbound_call', 1, 1, 1),
    (21, 25, 36, 113, 6, '2025-01-01T23:11:05', N'phone', N'outbound_callback', 1, 1, 0),
    (22, 26, 40, 52, 12, '2025-01-01T23:43:10', N'phone', N'outbound_callback', 1, 1, 0),
    (23, 27, 41, 93, 3, '2025-01-01T23:07:43', N'phone', N'inbound_call', 1, 1, 1),
    (24, 29, 43, 90, 8, '2025-01-01T23:57:46', N'phone', N'inbound_call', 1, 1, 1),
    (25, 30, 44, 111, 11, '2025-01-02T00:30:58', N'phone', N'inbound_call', 1, 1, 1),
    (26, 31, 45, 11, 13, '2025-01-02T00:50:43', N'phone', N'inbound_call', 1, 1, 1),
    (27, 32, 46, 111, 4, '2025-01-02T01:21:26', N'chat', N'inbound_call', 1, 1, 1),
    (28, 34, 50, 10, 5, '2025-01-02T02:49:09', N'phone', N'inbound_call', 1, 1, 1),
    (29, 35, 52, 12, 13, '2025-01-02T03:45:57', N'phone', N'inbound_call', 1, 1, 1),
    (30, 36, 53, 118, 8, '2025-01-02T04:11:02', N'phone', N'inbound_call', 1, 1, 1),
    (31, 37, 54, 110, 7, '2025-01-02T04:34:59', N'phone', N'inbound_call', 1, 1, 1),
    (32, 39, 56, 80, 15, '2025-01-02T05:32:51', N'phone', N'inbound_call', 1, 1, 1),
    (33, 40, 57, 4, 2, '2025-01-02T05:48:59', N'phone', N'inbound_call', 1, 1, 1),
    (34, 41, 58, 66, 7, '2025-01-02T06:15:29', N'phone', N'inbound_call', 1, 1, 1),
    (35, 42, 59, 44, 10, '2025-01-02T06:41:31', N'phone', N'inbound_call', 1, 1, 1),
    (36, 43, 61, 59, 12, '2025-01-02T07:27:34', N'phone', N'outbound_callback', 1, 1, 0),
    (37, 44, 62, 85, 14, '2025-01-02T07:25:09', N'phone', N'inbound_call', 1, 1, 1),
    (38, 45, 63, 53, 11, '2025-01-02T07:50:57', N'phone', N'inbound_call', 1, 1, 1),
    (39, 46, 64, 112, 4, '2025-01-02T08:15:00', N'phone', N'inbound_call', 1, 0, 1),
    (40, 47, 66, 89, 4, '2025-01-02T09:50:05', N'phone', N'outbound_callback', 1, 0, 0),
    (41, 48, 68, 116, 10, '2025-01-02T09:42:04', N'phone', N'inbound_call', 1, 1, 1),
    (42, 49, 69, 14, 1, '2025-01-02T10:01:57', N'phone', N'inbound_call', 1, 1, 1),
    (43, 50, 71, 117, 5, '2025-01-02T11:21:21', N'phone', N'outbound_callback', 1, 0, 0),
    (44, 51, 72, 57, 6, '2025-01-02T10:45:38', N'phone', N'inbound_call', 1, 1, 1),
    (45, 52, 73, 68, 5, '2025-01-02T11:17:15', N'email', N'inbound_call', 1, 0, 1),
    (46, 53, 75, 102, 7, '2025-01-02T12:41:16', N'phone', N'outbound_callback', 1, 1, 0),
    (47, 54, 76, 4, 15, '2025-01-02T12:09:08', N'phone', N'inbound_call', 1, 1, 1),
    (48, 55, 77, 6, 3, '2025-01-02T12:24:21', N'phone', N'inbound_call', 1, 1, 1),
    (49, 56, 78, 76, 5, '2025-01-02T12:50:00', N'phone', N'inbound_call', 1, 1, 1),
    (50, 58, 81, 101, 4, '2025-01-02T14:09:11', N'phone', N'inbound_call', 1, 0, 1),
    (51, 59, 83, 3, 12, '2025-01-02T14:56:01', N'phone', N'inbound_call', 1, 1, 1),
    (52, 60, 84, 58, 9, '2025-01-02T15:24:03', N'phone', N'inbound_call', 1, 1, 1),
    (53, 61, 86, 17, 9, '2025-01-02T16:16:06', N'phone', N'inbound_call', 1, 1, 1),
    (54, 62, 88, 52, 6, '2025-01-02T17:12:58', N'phone', N'inbound_call', 1, 0, 1),
    (55, 63, 89, 95, 9, '2025-01-02T17:33:23', N'phone', N'inbound_call', 1, 1, 1),
    (56, 64, 90, 112, 3, '2025-01-02T17:50:06', N'phone', N'inbound_call', 1, 0, 1),
    (57, 67, 93, 49, 13, '2025-01-02T19:18:24', N'phone', N'inbound_call', 1, 1, 1),
    (58, 68, 95, 35, 6, '2025-01-02T20:54:36', N'phone', N'outbound_callback', 1, 1, 0),
    (59, 70, 98, 69, 7, '2025-01-02T20:48:30', N'phone', N'inbound_call', 1, 1, 1),
    (60, 72, 100, 107, 9, '2025-01-02T21:42:52', N'phone', N'inbound_call', 1, 1, 1),
    (61, 73, 101, 43, 15, '2025-01-02T22:05:00', N'phone', N'inbound_call', 1, 1, 1),
    (62, 74, 103, 84, 8, '2025-01-02T22:51:35', N'phone', N'inbound_call', 1, 1, 1),
    (63, 75, 104, 20, 10, '2025-01-02T23:25:51', N'phone', N'inbound_call', 1, 1, 1),
    (64, 76, 105, 58, 14, '2025-01-02T23:37:47', N'phone', N'inbound_call', 1, 1, 1),
    (65, 79, 109, 37, 15, '2025-01-03T01:25:30', N'phone', N'inbound_call', 1, 1, 1),
    (66, 80, 110, 40, 12, '2025-01-03T01:56:19', N'phone', N'inbound_call', 1, 1, 1),
    (67, 82, 113, 99, 4, '2025-01-03T03:03:31', N'phone', N'inbound_call', 1, 1, 1),
    (68, 83, 114, 69, 8, '2025-01-03T03:30:37', N'phone', N'inbound_call', 1, 1, 1),
    (69, 84, 115, 103, 9, '2025-01-03T03:54:14', N'phone', N'inbound_call', 1, 1, 1),
    (70, 85, 116, 37, 14, '2025-01-03T04:14:54', N'phone', N'inbound_call', 1, 1, 1),
    (71, 86, 117, 54, 6, '2025-01-03T04:38:41', N'phone', N'inbound_call', 1, 0, 1),
    (72, 87, 118, 37, 15, '2025-01-03T05:16:19', N'phone', N'inbound_call', 1, 1, 1),
    (73, 88, 120, 15, 2, '2025-01-03T06:42:10', N'phone', N'outbound_callback', 1, 1, 0),
    (74, 89, 123, 24, 7, '2025-01-03T06:49:58', N'phone', N'outbound_callback', 1, 1, 0),
    (75, 90, 125, 45, 6, '2025-01-03T07:55:40', N'phone', N'outbound_callback', 1, 1, 0),
    (76, 91, 126, 81, 1, '2025-01-03T07:12:15', N'phone', N'inbound_call', 1, 1, 1),
    (77, 93, 128, 35, 7, '2025-01-03T08:00:56', N'email', N'inbound_call', 1, 1, 1),
    (78, 94, 130, 14, 3, '2025-01-03T08:51:12', N'phone', N'inbound_call', 1, 0, 1),
    (79, 95, 131, 102, 3, '2025-01-03T09:16:31', N'phone', N'inbound_call', 1, 1, 1),
    (80, 96, 132, 17, 10, '2025-01-03T09:39:03', N'phone', N'inbound_call', 1, 1, 1),
    (81, 97, 133, 68, 1, '2025-01-03T10:15:28', N'phone', N'inbound_call', 1, 1, 1),
    (82, 98, 134, 34, 8, '2025-01-03T10:35:30', N'email', N'inbound_call', 1, 0, 1),
    (83, 99, 135, 88, 15, '2025-01-03T11:02:42', N'phone', N'inbound_call', 1, 1, 1),
    (84, 100, 137, 4, 10, '2025-01-03T11:56:14', N'phone', N'inbound_call', 1, 1, 1),
    (85, 101, 138, 68, 11, '2025-01-03T12:19:53', N'phone', N'inbound_call', 1, 1, 1),
    (86, 102, 139, 17, 14, '2025-01-03T12:36:30', N'phone', N'inbound_call', 1, 1, 1),
    (87, 103, 141, 71, 3, '2025-01-03T13:31:47', N'phone', N'inbound_call', 1, 1, 1),
    (88, 104, 142, 108, 10, '2025-01-03T13:47:53', N'phone', N'inbound_call', 1, 1, 1),
    (89, 105, 143, 64, 7, '2025-01-03T14:21:36', N'phone', N'inbound_call', 1, 1, 1),
    (90, 108, 146, 38, 15, '2025-01-03T15:41:03', N'chat', N'inbound_call', 1, 0, 1),
    (91, 109, 147, 3, 1, '2025-01-03T15:53:56', N'chat', N'inbound_call', 1, 1, 1),
    (92, 110, 149, 98, 6, '2025-01-03T16:55:05', N'phone', N'inbound_call', 1, 1, 1),
    (93, 111, 151, 98, 6, '2025-01-03T19:01:25', N'phone', N'outbound_callback', 1, 1, 0),
    (94, 113, 153, 21, 9, '2025-01-03T18:10:24', N'phone', N'inbound_call', 1, 1, 1),
    (95, 114, 154, 43, 10, '2025-01-03T18:26:20', N'phone', N'inbound_call', 1, 1, 1),
    (96, 115, 155, 93, 13, '2025-01-03T18:51:17', N'phone', N'inbound_call', 1, 1, 1),
    (97, 116, 156, 25, 7, '2025-01-03T19:13:28', N'phone', N'inbound_call', 1, 1, 1),
    (98, 117, 158, 67, 9, '2025-01-03T21:15:14', N'phone', N'outbound_callback', 1, 1, 0),
    (99, 118, 161, 99, 15, '2025-01-03T22:21:37', N'phone', N'outbound_callback', 1, 1, 0),
    (100, 119, 163, 115, 8, '2025-01-03T22:22:17', N'phone', N'outbound_callback', 1, 1, 0),
    (101, 120, 164, 18, 4, '2025-01-03T21:21:54', N'phone', N'inbound_call', 1, 1, 1),
    (102, 121, 165, 88, 15, '2025-01-03T21:47:48', N'phone', N'inbound_call', 1, 1, 1),
    (103, 122, 166, 117, 1, '2025-01-03T22:12:04', N'phone', N'inbound_call', 1, 1, 1),
    (104, 123, 167, 108, 1, '2025-01-03T22:45:02', N'email', N'inbound_call', 1, 1, 1),
    (105, 124, 168, 114, 6, '2025-01-03T23:01:28', N'phone', N'inbound_call', 1, 1, 1),
    (106, 125, 171, 110, 8, '2025-01-04T00:31:19', N'phone', N'outbound_callback', 1, 1, 0),
    (107, 127, 173, 60, 12, '2025-01-04T00:48:46', N'phone', N'inbound_call', 1, 1, 1),
    (108, 128, 174, 48, 10, '2025-01-04T01:09:30', N'phone', N'inbound_call', 1, 1, 1),
    (109, 129, 175, 98, 2, '2025-01-04T01:36:46', N'phone', N'inbound_call', 1, 1, 1),
    (110, 130, 176, 74, 12, '2025-01-04T01:57:48', N'phone', N'inbound_call', 1, 1, 1),
    (111, 131, 177, 104, 9, '2025-01-04T02:18:54', N'phone', N'inbound_call', 1, 1, 1),
    (112, 132, 179, 105, 1, '2025-01-04T03:13:00', N'phone', N'outbound_callback', 1, 1, 0),
    (113, 133, 181, 85, 9, '2025-01-04T03:35:58', N'phone', N'inbound_call', 1, 1, 1),
    (114, 134, 183, 60, 15, '2025-01-04T05:08:47', N'phone', N'outbound_callback', 1, 1, 0),
    (115, 135, 184, 31, 12, '2025-01-04T04:30:32', N'phone', N'inbound_call', 1, 1, 1),
    (116, 136, 185, 57, 4, '2025-01-04T04:56:36', N'phone', N'inbound_call', 1, 1, 1),
    (117, 137, 187, 76, 11, '2025-01-04T05:44:27', N'phone', N'inbound_call', 1, 1, 1),
    (118, 139, 190, 119, 1, '2025-01-04T07:06:38', N'phone', N'inbound_call', 1, 1, 1),
    (119, 140, 191, 112, 5, '2025-01-04T07:22:09', N'phone', N'inbound_call', 1, 1, 1),
    (120, 141, 192, 96, 7, '2025-01-04T07:58:03', N'email', N'inbound_call', 1, 1, 1),
    (121, 142, 194, 60, 4, '2025-01-04T09:54:31', N'phone', N'outbound_callback', 1, 1, 0),
    (122, 143, 195, 38, 8, '2025-01-04T08:37:40', N'phone', N'inbound_call', 1, 1, 1),
    (123, 144, 196, 59, 3, '2025-01-04T09:05:21', N'phone', N'inbound_call', 1, 0, 1),
    (124, 147, 202, 88, 1, '2025-01-04T11:36:28', N'phone', N'outbound_callback', 1, 1, 0),
    (125, 148, 203, 73, 15, '2025-01-04T11:31:11', N'phone', N'inbound_call', 1, 1, 1),
    (126, 149, 204, 23, 14, '2025-01-04T12:02:44', N'phone', N'inbound_call', 1, 1, 1),
    (127, 150, 205, 73, 13, '2025-01-04T12:31:47', N'phone', N'inbound_call', 1, 0, 1),
    (128, 151, 206, 99, 8, '2025-01-04T12:55:29', N'phone', N'inbound_call', 1, 1, 1),
    (129, 153, 209, 41, 2, '2025-01-04T14:04:47', N'phone', N'outbound_callback', 1, 1, 0),
    (130, 154, 210, 14, 6, '2025-01-04T14:00:03', N'phone', N'inbound_call', 1, 1, 1),
    (131, 155, 211, 100, 3, '2025-01-04T14:23:48', N'phone', N'inbound_call', 1, 1, 1),
    (132, 156, 212, 9, 6, '2025-01-04T14:52:19', N'phone', N'inbound_call', 1, 1, 1),
    (133, 157, 213, 59, 7, '2025-01-04T15:17:41', N'email', N'inbound_call', 1, 1, 1),
    (134, 158, 214, 39, 6, '2025-01-04T15:47:20', N'phone', N'inbound_call', 1, 1, 1),
    (135, 159, 215, 49, 10, '2025-01-04T16:11:52', N'phone', N'inbound_call', 1, 1, 1),
    (136, 161, 218, 102, 1, '2025-01-04T18:20:23', N'phone', N'outbound_callback', 1, 1, 0),
    (137, 163, 220, 2, 12, '2025-01-04T17:46:34', N'phone', N'inbound_call', 1, 1, 1),
    (138, 164, 222, 99, 12, '2025-01-04T18:55:16', N'phone', N'outbound_callback', 1, 1, 0),
    (139, 165, 223, 67, 6, '2025-01-04T18:46:56', N'phone', N'inbound_call', 1, 1, 1),
    (140, 166, 224, 109, 12, '2025-01-04T19:06:57', N'phone', N'inbound_call', 1, 1, 1),
    (141, 167, 225, 60, 7, '2025-01-04T19:30:15', N'phone', N'inbound_call', 1, 1, 1),
    (142, 168, 228, 104, 11, '2025-01-04T20:41:27', N'phone', N'outbound_callback', 1, 1, 0),
    (143, 169, 231, 76, 3, '2025-01-04T22:17:58', N'phone', N'outbound_callback', 1, 0, 0),
    (144, 170, 235, 38, 10, '2025-01-04T22:45:17', N'phone', N'inbound_call', 1, 1, 1),
    (145, 171, 237, 14, 2, '2025-01-04T23:39:35', N'phone', N'inbound_call', 1, 1, 1),
    (146, 172, 238, 104, 14, '2025-01-05T00:08:29', N'phone', N'inbound_call', 1, 1, 1),
    (147, 174, 242, 66, 14, '2025-01-05T01:47:47', N'email', N'inbound_call', 1, 1, 1),
    (148, 175, 244, 109, 6, '2025-01-05T03:20:47', N'phone', N'outbound_callback', 1, 1, 0),
    (149, 176, 245, 101, 8, '2025-01-05T02:35:52', N'phone', N'inbound_call', 1, 1, 1),
    (150, 177, 247, 12, 1, '2025-01-05T03:28:30', N'phone', N'inbound_call', 1, 1, 1),
    (151, 178, 248, 1, 8, '2025-01-05T03:46:51', N'phone', N'inbound_call', 1, 1, 1),
    (152, 182, 252, 102, 10, '2025-01-05T05:28:17', N'phone', N'inbound_call', 1, 1, 1),
    (153, 183, 253, 27, 13, '2025-01-05T05:56:36', N'phone', N'inbound_call', 1, 1, 1),
    (154, 184, 254, 68, 7, '2025-01-05T06:12:52', N'phone', N'inbound_call', 1, 1, 1),
    (155, 185, 255, 2, 11, '2025-01-05T06:46:45', N'email', N'inbound_call', 1, 1, 1),
    (156, 186, 256, 82, 13, '2025-01-05T07:05:28', N'phone', N'inbound_call', 1, 1, 1),
    (157, 187, 257, 40, 2, '2025-01-05T07:41:08', N'phone', N'inbound_call', 1, 1, 1),
    (158, 188, 258, 16, 6, '2025-01-05T07:53:12', N'phone', N'inbound_call', 1, 1, 1),
    (159, 189, 260, 34, 10, '2025-01-05T08:44:20', N'phone', N'inbound_call', 1, 1, 1),
    (160, 190, 262, 30, 14, '2025-01-05T10:02:18', N'phone', N'outbound_callback', 1, 1, 0),
    (161, 191, 263, 32, 2, '2025-01-05T09:46:30', N'phone', N'inbound_call', 1, 1, 1),
    (162, 192, 264, 9, 1, '2025-01-05T10:11:53', N'phone', N'inbound_call', 1, 1, 1),
    (163, 193, 265, 60, 13, '2025-01-05T10:33:46', N'phone', N'inbound_call', 1, 1, 1),
    (164, 194, 266, 82, 5, '2025-01-05T10:46:05', N'phone', N'inbound_call', 1, 1, 1),
    (165, 196, 269, 56, 7, '2025-01-05T12:08:14', N'phone', N'inbound_call', 1, 0, 1),
    (166, 197, 270, 14, 13, '2025-01-05T12:32:32', N'phone', N'inbound_call', 1, 0, 1),
    (167, 199, 274, 17, 2, '2025-01-05T14:15:03', N'phone', N'inbound_call', 1, 1, 1),
    (168, 200, 277, 51, 8, '2025-01-05T16:00:12', N'phone', N'outbound_callback', 1, 1, 0),
    (169, 202, 280, 35, 13, '2025-01-05T16:17:28', N'phone', N'inbound_call', 1, 1, 1),
    (170, 203, 283, 41, 10, '2025-01-05T17:37:20', N'phone', N'inbound_call', 1, 1, 1),
    (171, 204, 286, 8, 2, '2025-01-05T18:42:31', N'phone', N'inbound_call', 1, 1, 1),
    (172, 205, 288, 89, 3, '2025-01-05T19:42:45', N'phone', N'inbound_call', 1, 1, 1),
    (173, 206, 289, 109, 15, '2025-01-05T19:59:25', N'phone', N'inbound_call', 1, 1, 1),
    (174, 207, 290, 45, 6, '2025-01-05T20:32:43', N'phone', N'inbound_call', 1, 1, 1),
    (175, 208, 292, 45, 7, '2025-01-05T21:49:24', N'phone', N'outbound_callback', 1, 1, 0),
    (176, 209, 293, 107, 1, '2025-01-05T21:27:26', N'phone', N'inbound_call', 1, 1, 1),
    (177, 210, 295, 22, 1, '2025-01-05T23:17:38', N'phone', N'outbound_callback', 1, 1, 0),
    (178, 211, 296, 7, 15, '2025-01-05T22:07:11', N'phone', N'inbound_call', 1, 0, 1),
    (179, 212, 297, 47, 8, '2025-01-05T22:26:42', N'phone', N'inbound_call', 1, 0, 1),
    (180, 213, 298, 101, 7, '2025-01-05T23:04:29', N'phone', N'inbound_call', 1, 1, 1),
    (181, 214, 299, 58, 10, '2025-01-05T23:17:50', N'phone', N'inbound_call', 1, 1, 1),
    (182, 215, 300, 11, 14, '2025-01-05T23:54:31', N'chat', N'inbound_call', 1, 1, 1),
    (183, 216, 301, 61, 9, '2025-01-06T00:18:51', N'phone', N'inbound_call', 1, 1, 1),
    (184, 218, 304, 41, 15, '2025-01-06T02:24:21', N'phone', N'outbound_callback', 1, 1, 0),
    (185, 219, 305, 15, 2, '2025-01-06T01:37:52', N'phone', N'inbound_call', 1, 1, 1),
    (186, 220, 306, 112, 8, '2025-01-06T01:57:22', N'phone', N'inbound_call', 1, 1, 1),
    (187, 221, 307, 5, 15, '2025-01-06T02:24:44', N'phone', N'inbound_call', 1, 1, 1),
    (188, 222, 308, 36, 8, '2025-01-06T02:54:13', N'phone', N'inbound_call', 1, 1, 1),
    (189, 223, 309, 25, 6, '2025-01-06T03:19:00', N'phone', N'inbound_call', 1, 1, 1),
    (190, 224, 312, 108, 14, '2025-01-06T04:43:41', N'phone', N'outbound_callback', 1, 1, 0),
    (191, 225, 313, 31, 6, '2025-01-06T04:29:05', N'email', N'inbound_call', 1, 1, 1),
    (192, 226, 315, 83, 14, '2025-01-06T05:16:27', N'phone', N'inbound_call', 1, 0, 1),
    (193, 227, 317, 87, 14, '2025-01-06T06:11:28', N'phone', N'inbound_call', 1, 1, 1),
    (194, 228, 318, 39, 5, '2025-01-06T06:26:35', N'email', N'inbound_call', 1, 1, 1),
    (195, 230, 320, 52, 4, '2025-01-06T07:24:13', N'phone', N'inbound_call', 1, 1, 1),
    (196, 231, 321, 117, 3, '2025-01-06T07:48:34', N'phone', N'inbound_call', 1, 1, 1),
    (197, 232, 322, 88, 5, '2025-01-06T08:12:40', N'phone', N'inbound_call', 1, 1, 1),
    (198, 233, 323, 61, 7, '2025-01-06T08:29:07', N'chat', N'inbound_call', 1, 1, 1),
    (199, 234, 324, 26, 13, '2025-01-06T09:01:58', N'phone', N'inbound_call', 1, 1, 1),
    (200, 235, 327, 100, 1, '2025-01-06T10:39:11', N'phone', N'outbound_callback', 1, 1, 0);

INSERT INTO dbo.contacts (contact_id, case_id, call_id, customer_id, agent_id, contact_time, channel, contact_type, is_first_contact, resolved_this_contact, is_inbound) VALUES
    (201, 236, 331, 46, 3, '2025-01-06T11:28:23', N'phone', N'inbound_call', 1, 1, 1),
    (202, 237, 332, 47, 1, '2025-01-06T11:50:01', N'phone', N'inbound_call', 1, 1, 1),
    (203, 239, 335, 66, 13, '2025-01-06T13:05:00', N'phone', N'inbound_call', 1, 1, 1),
    (204, 240, 337, 12, 2, '2025-01-06T13:58:37', N'chat', N'inbound_call', 1, 1, 1),
    (205, 241, 339, 7, 12, '2025-01-06T15:18:54', N'phone', N'outbound_callback', 1, 1, 0),
    (206, 242, 342, 84, 14, '2025-01-06T15:36:33', N'phone', N'inbound_call', 1, 1, 1),
    (207, 243, 343, 103, 15, '2025-01-06T16:14:00', N'phone', N'inbound_call', 1, 1, 1),
    (208, 244, 344, 9, 13, '2025-01-06T16:32:32', N'phone', N'inbound_call', 1, 1, 1),
    (209, 245, 345, 67, 7, '2025-01-06T16:49:49', N'phone', N'inbound_call', 1, 1, 1),
    (210, 246, 347, 110, 9, '2025-01-06T18:08:13', N'phone', N'outbound_callback', 1, 1, 0),
    (211, 247, 349, 52, 10, '2025-01-06T18:17:30', N'phone', N'inbound_call', 1, 1, 1),
    (212, 248, 350, 84, 6, '2025-01-06T18:42:48', N'phone', N'inbound_call', 1, 1, 1),
    (213, 249, 351, 15, 13, '2025-01-06T18:55:25', N'phone', N'inbound_call', 1, 1, 1),
    (214, 251, 354, 99, 1, '2025-01-06T20:23:05', N'chat', N'inbound_call', 1, 1, 1),
    (215, 252, 355, 94, 9, '2025-01-06T20:39:11', N'phone', N'inbound_call', 1, 1, 1),
    (216, 254, 357, 92, 15, '2025-01-06T21:29:56', N'phone', N'inbound_call', 1, 1, 1),
    (217, 255, 358, 65, 11, '2025-01-06T21:58:57', N'phone', N'inbound_call', 1, 1, 1),
    (218, 258, 361, 96, 15, '2025-01-06T23:15:20', N'phone', N'inbound_call', 1, 1, 1),
    (219, 259, 362, 2, 9, '2025-01-06T23:37:43', N'email', N'inbound_call', 1, 1, 1),
    (220, 260, 364, 24, 3, '2025-01-07T00:40:36', N'phone', N'outbound_callback', 1, 1, 0),
    (221, 261, 365, 6, 8, '2025-01-07T00:23:07', N'phone', N'inbound_call', 1, 1, 1),
    (222, 262, 366, 24, 2, '2025-01-07T00:45:16', N'phone', N'inbound_call', 1, 1, 1),
    (223, 263, 368, 88, 1, '2025-01-07T01:44:47', N'phone', N'inbound_call', 1, 1, 1),
    (224, 264, 369, 63, 3, '2025-01-07T02:01:07', N'phone', N'inbound_call', 1, 1, 1),
    (225, 265, 370, 107, 7, '2025-01-07T02:27:31', N'phone', N'inbound_call', 1, 1, 1),
    (226, 266, 371, 59, 9, '2025-01-07T02:56:06', N'phone', N'inbound_call', 1, 1, 1),
    (227, 268, 374, 97, 2, '2025-01-07T04:40:47', N'phone', N'outbound_callback', 1, 1, 0),
    (228, 269, 375, 21, 5, '2025-01-07T04:11:21', N'phone', N'inbound_call', 1, 1, 1),
    (229, 273, 380, 79, 7, '2025-01-07T06:15:44', N'phone', N'inbound_call', 1, 1, 1),
    (230, 274, 382, 36, 2, '2025-01-07T08:07:24', N'phone', N'outbound_callback', 1, 1, 0),
    (231, 276, 384, 99, 8, '2025-01-07T07:30:34', N'phone', N'inbound_call', 1, 0, 1),
    (232, 277, 387, 85, 4, '2025-01-07T08:40:59', N'phone', N'inbound_call', 1, 0, 1),
    (233, 278, 388, 118, 9, '2025-01-07T09:17:24', N'phone', N'inbound_call', 1, 1, 1),
    (234, 279, 389, 49, 4, '2025-01-07T09:40:00', N'phone', N'inbound_call', 1, 1, 1),
    (235, 280, 391, 66, 14, '2025-01-07T10:24:27', N'phone', N'inbound_call', 1, 1, 1),
    (236, 281, 392, 87, 1, '2025-01-07T10:57:08', N'phone', N'inbound_call', 1, 1, 1),
    (237, 282, 393, 18, 9, '2025-01-07T11:11:04', N'phone', N'inbound_call', 1, 1, 1),
    (238, 284, 397, 106, 1, '2025-01-07T12:53:37', N'phone', N'inbound_call', 1, 1, 1),
    (239, 285, 398, 115, 7, '2025-01-07T13:25:32', N'phone', N'inbound_call', 1, 1, 1),
    (240, 286, 400, 55, 4, '2025-01-07T14:47:09', N'phone', N'outbound_callback', 1, 1, 0),
    (241, 287, 402, 75, 11, '2025-01-07T14:36:28', N'phone', N'inbound_call', 1, 1, 1),
    (242, 288, 403, 23, 7, '2025-01-07T15:05:50', N'email', N'inbound_call', 1, 1, 1),
    (243, 289, 404, 13, 11, '2025-01-07T15:25:32', N'phone', N'inbound_call', 1, 1, 1),
    (244, 290, 406, 78, 12, '2025-01-07T16:10:03', N'phone', N'inbound_call', 1, 1, 1),
    (245, 291, 407, 57, 9, '2025-01-07T16:33:56', N'phone', N'inbound_call', 1, 1, 1),
    (246, 292, 409, 21, 12, '2025-01-07T18:10:37', N'phone', N'outbound_callback', 1, 1, 0),
    (247, 293, 411, 65, 13, '2025-01-07T17:51:01', N'phone', N'inbound_call', 1, 1, 1),
    (248, 294, 412, 89, 8, '2025-01-07T18:28:35', N'phone', N'inbound_call', 1, 1, 1),
    (249, 295, 414, 49, 14, '2025-01-07T19:12:47', N'phone', N'outbound_callback', 1, 1, 0),
    (250, 296, 415, 71, 3, '2025-01-07T19:10:22', N'phone', N'inbound_call', 1, 1, 1),
    (251, 297, 416, 30, 2, '2025-01-07T19:36:09', N'phone', N'inbound_call', 1, 1, 1),
    (252, 298, 418, 79, 15, '2025-01-07T21:29:10', N'phone', N'outbound_callback', 1, 1, 0),
    (253, 299, 420, 51, 6, '2025-01-07T20:49:40', N'phone', N'outbound_callback', 1, 1, 0),
    (254, 300, 422, 90, 10, '2025-01-07T21:52:20', N'phone', N'outbound_callback', 1, 1, 0),
    (255, 301, 424, 61, 7, '2025-01-07T22:35:17', N'phone', N'outbound_callback', 1, 1, 0),
    (256, 302, 425, 105, 4, '2025-01-07T21:34:53', N'phone', N'inbound_call', 1, 1, 1),
    (257, 304, 428, 72, 10, '2025-01-07T22:54:31', N'phone', N'inbound_call', 1, 1, 1),
    (258, 305, 430, 42, 3, '2025-01-08T00:18:40', N'phone', N'outbound_callback', 1, 1, 0),
    (259, 306, 432, 109, 11, '2025-01-08T00:37:06', N'phone', N'outbound_callback', 1, 1, 0),
    (260, 307, 433, 53, 12, '2025-01-08T00:08:39', N'phone', N'inbound_call', 1, 1, 1),
    (261, 308, 434, 120, 2, '2025-01-08T00:41:13', N'phone', N'inbound_call', 1, 1, 1),
    (262, 312, 439, 39, 9, '2025-01-08T02:33:13', N'phone', N'inbound_call', 1, 1, 1),
    (263, 313, 441, 21, 13, '2025-01-08T04:44:40', N'phone', N'outbound_callback', 1, 1, 0),
    (264, 314, 443, 42, 5, '2025-01-08T03:46:52', N'phone', N'inbound_call', 1, 1, 1),
    (265, 315, 445, 12, 12, '2025-01-08T05:23:28', N'phone', N'outbound_callback', 1, 1, 0),
    (266, 316, 446, 35, 5, '2025-01-08T04:52:15', N'phone', N'inbound_call', 1, 1, 1),
    (267, 317, 447, 50, 9, '2025-01-08T05:17:32', N'phone', N'inbound_call', 1, 1, 1),
    (268, 319, 451, 2, 8, '2025-01-08T06:59:14', N'phone', N'outbound_callback', 1, 1, 0);


GO


INSERT INTO dbo.callbacks (callback_id, source_call_id, realized_call_id, customer_id, requested_at, scheduled_at, realized_at, status, failure_reason, agent_id, phone_masked) VALUES
    (1, 10, NULL, 113, '2025-01-01T12:20:06', '2025-01-01T13:35:06', NULL, N'failed', N'błąd techniczny dialera', NULL, N'+48 *** *** 0113'),
    (2, 13, 14, 86, '2025-01-01T13:38:19', '2025-01-01T14:26:19', '2025-01-01T14:30:37', N'completed', NULL, 4, N'+48 *** *** 0086'),
    (3, 22, 23, 30, '2025-01-01T16:58:58', '2025-01-01T18:17:58', '2025-01-01T18:27:04', N'completed', NULL, 7, N'+48 *** *** 0030'),
    (4, 24, 25, 110, '2025-01-01T17:23:48', '2025-01-01T18:41:48', '2025-01-01T19:00:10', N'completed', NULL, 12, N'+48 *** *** 0110'),
    (5, 28, NULL, 44, '2025-01-01T18:39:56', '2025-01-01T19:05:56', NULL, N'overdue', N'brak odpowiedzi klienta', NULL, N'+48 *** *** 0044'),
    (6, 35, 36, 113, '2025-01-01T21:35:55', '2025-01-01T22:48:55', '2025-01-01T23:11:05', N'completed', NULL, 6, N'+48 *** *** 0113'),
    (7, 38, NULL, 63, '2025-01-01T22:18:59', '2025-01-01T22:49:59', NULL, N'overdue', N'brak odpowiedzi klienta', NULL, N'+48 *** *** 0063'),
    (8, 39, 40, 52, '2025-01-01T22:44:51', '2025-01-01T23:36:51', '2025-01-01T23:43:10', N'completed', NULL, 12, N'+48 *** *** 0052'),
    (9, 47, NULL, 31, '2025-01-02T01:37:21', '2025-01-02T02:57:21', NULL, N'overdue', N'brak odpowiedzi klienta', NULL, N'+48 *** *** 0031'),
    (10, 51, NULL, 35, '2025-01-02T03:26:46', '2025-01-02T05:03:46', NULL, N'overdue', N'brak odpowiedzi klienta', NULL, N'+48 *** *** 0035'),
    (11, 60, 61, 59, '2025-01-02T07:07:14', '2025-01-02T07:22:14', '2025-01-02T07:27:34', N'completed', NULL, 12, N'+48 *** *** 0059'),
    (12, 65, 66, 89, '2025-01-02T08:45:44', '2025-01-02T09:50:44', '2025-01-02T09:50:05', N'completed', NULL, 4, N'+48 *** *** 0089'),
    (13, 70, 71, 117, '2025-01-02T10:32:55', '2025-01-02T11:06:55', '2025-01-02T11:21:21', N'completed', NULL, 5, N'+48 *** *** 0117'),
    (14, 74, 75, 102, '2025-01-02T11:44:51', '2025-01-02T12:27:51', '2025-01-02T12:41:16', N'completed', NULL, 7, N'+48 *** *** 0102'),
    (15, 85, NULL, 62, '2025-01-02T15:53:18', '2025-01-02T16:54:18', NULL, N'failed', N'brak odpowiedzi klienta', NULL, N'+48 *** *** 0062'),
    (16, 87, NULL, 102, '2025-01-02T16:35:37', '2025-01-02T17:47:37', NULL, N'overdue', N'błąd techniczny dialera', NULL, N'+48 *** *** 0102'),
    (17, 94, 95, 35, '2025-01-02T19:41:18', '2025-01-02T20:56:18', '2025-01-02T20:54:36', N'completed', NULL, 6, N'+48 *** *** 0035'),
    (18, 107, NULL, 65, '2025-01-03T00:32:29', '2025-01-03T02:10:29', NULL, N'failed', N'błąd techniczny dialera', NULL, N'+48 *** *** 0065'),
    (19, 119, 120, 15, '2025-01-03T05:36:50', '2025-01-03T06:44:50', '2025-01-03T06:42:10', N'completed', NULL, 2, N'+48 *** *** 0015'),
    (20, 122, 123, 24, '2025-01-03T06:19:42', '2025-01-03T06:34:42', '2025-01-03T06:49:58', N'completed', NULL, 7, N'+48 *** *** 0024'),
    (21, 124, 125, 45, '2025-01-03T06:48:15', '2025-01-03T07:43:15', '2025-01-03T07:55:40', N'completed', NULL, 6, N'+48 *** *** 0045'),
    (22, 129, NULL, 119, '2025-01-03T08:29:31', '2025-01-03T09:58:31', NULL, N'overdue', N'błąd techniczny dialera', NULL, N'+48 *** *** 0119'),
    (23, 150, 151, 98, '2025-01-03T17:14:56', '2025-01-03T18:35:56', '2025-01-03T19:01:25', N'completed', NULL, 6, N'+48 *** *** 0098'),
    (24, 157, 158, 67, '2025-01-03T19:42:59', '2025-01-03T20:50:59', '2025-01-03T21:15:14', N'completed', NULL, 9, N'+48 *** *** 0067'),
    (25, 160, 161, 99, '2025-01-03T20:36:07', '2025-01-03T21:57:07', '2025-01-03T22:21:37', N'completed', NULL, 15, N'+48 *** *** 0099'),
    (26, 162, 163, 115, '2025-01-03T21:03:52', '2025-01-03T21:57:52', '2025-01-03T22:22:17', N'completed', NULL, 8, N'+48 *** *** 0115'),
    (27, 170, 171, 110, '2025-01-03T23:59:04', '2025-01-04T00:32:04', '2025-01-04T00:31:19', N'completed', NULL, 8, N'+48 *** *** 0110'),
    (28, 178, 179, 105, '2025-01-04T02:42:53', '2025-01-04T03:00:53', '2025-01-04T03:13:00', N'completed', NULL, 1, N'+48 *** *** 0105'),
    (29, 180, NULL, 99, '2025-01-04T03:11:39', '2025-01-04T04:19:39', NULL, N'failed', N'brak dostępnego konsultanta', NULL, N'+48 *** *** 0099'),
    (30, 182, 183, 60, '2025-01-04T04:10:19', '2025-01-04T04:44:19', '2025-01-04T05:08:47', N'completed', NULL, 15, N'+48 *** *** 0060'),
    (31, 188, NULL, 53, '2025-01-04T06:06:10', '2025-01-04T07:04:10', NULL, N'failed', N'błąd techniczny dialera', NULL, N'+48 *** *** 0053'),
    (32, 193, 194, 60, '2025-01-04T08:10:03', '2025-01-04T09:32:03', '2025-01-04T09:54:31', N'completed', NULL, 4, N'+48 *** *** 0060'),
    (33, 197, NULL, 108, '2025-01-04T09:28:18', '2025-01-04T11:07:18', NULL, N'overdue', N'brak dostępnego konsultanta', NULL, N'+48 *** *** 0108'),
    (34, 201, 202, 88, '2025-01-04T11:04:01', '2025-01-04T11:21:01', '2025-01-04T11:36:28', N'completed', NULL, 1, N'+48 *** *** 0088'),
    (35, 208, 209, 41, '2025-01-04T13:42:37', '2025-01-04T14:05:37', '2025-01-04T14:04:47', N'completed', NULL, 2, N'+48 *** *** 0041'),
    (36, 217, 218, 102, '2025-01-04T17:04:53', '2025-01-04T18:07:53', '2025-01-04T18:20:23', N'completed', NULL, 1, N'+48 *** *** 0102'),
    (37, 221, 222, 99, '2025-01-04T18:10:07', '2025-01-04T18:34:07', '2025-01-04T18:55:16', N'completed', NULL, 12, N'+48 *** *** 0099'),
    (38, 227, 228, 104, '2025-01-04T20:14:07', '2025-01-04T20:38:07', '2025-01-04T20:41:27', N'completed', NULL, 11, N'+48 *** *** 0104'),
    (39, 229, NULL, 79, '2025-01-04T20:48:32', '2025-01-04T22:34:32', NULL, N'overdue', N'brak dostępnego konsultanta', NULL, N'+48 *** *** 0079'),
    (40, 230, 231, 76, '2025-01-04T21:03:37', '2025-01-04T22:00:37', '2025-01-04T22:17:58', N'completed', NULL, 3, N'+48 *** *** 0076'),
    (41, 234, NULL, 72, '2025-01-04T22:32:18', '2025-01-04T23:02:18', NULL, N'failed', N'brak odpowiedzi klienta', NULL, N'+48 *** *** 0072'),
    (42, 241, NULL, 51, '2025-01-05T01:27:48', '2025-01-05T03:25:48', NULL, N'failed', N'błąd techniczny dialera', NULL, N'+48 *** *** 0051'),
    (43, 243, 244, 109, '2025-01-05T02:04:33', '2025-01-05T03:17:33', '2025-01-05T03:20:47', N'completed', NULL, 6, N'+48 *** *** 0109'),
    (44, 261, 262, 30, '2025-01-05T09:06:12', '2025-01-05T09:38:12', '2025-01-05T10:02:18', N'completed', NULL, 14, N'+48 *** *** 0030'),
    (45, 275, NULL, 104, '2025-01-05T14:35:55', '2025-01-05T16:08:55', NULL, N'overdue', N'brak dostępnego konsultanta', NULL, N'+48 *** *** 0104'),
    (46, 276, 277, 51, '2025-01-05T15:12:03', '2025-01-05T15:57:03', '2025-01-05T16:00:12', N'completed', NULL, 8, N'+48 *** *** 0051'),
    (47, 279, NULL, 81, '2025-01-05T15:47:52', '2025-01-05T17:11:52', NULL, N'overdue', N'błąd techniczny dialera', NULL, N'+48 *** *** 0081'),
    (48, 291, 292, 45, '2025-01-05T20:55:04', '2025-01-05T21:26:04', '2025-01-05T21:49:24', N'completed', NULL, 7, N'+48 *** *** 0045'),
    (49, 294, 295, 22, '2025-01-05T21:49:20', '2025-01-05T23:00:20', '2025-01-05T23:17:38', N'completed', NULL, 1, N'+48 *** *** 0022'),
    (50, 303, 304, 41, '2025-01-06T00:59:16', '2025-01-06T02:15:16', '2025-01-06T02:24:21', N'completed', NULL, 15, N'+48 *** *** 0041'),
    (51, 311, 312, 108, '2025-01-06T03:52:22', '2025-01-06T04:37:22', '2025-01-06T04:43:41', N'completed', NULL, 14, N'+48 *** *** 0108'),
    (52, 326, 327, 100, '2025-01-06T09:44:49', '2025-01-06T10:43:49', '2025-01-06T10:39:11', N'completed', NULL, 1, N'+48 *** *** 0100'),
    (53, 330, NULL, 39, '2025-01-06T11:07:28', '2025-01-06T11:44:28', NULL, N'overdue', N'błąd techniczny dialera', NULL, N'+48 *** *** 0039'),
    (54, 336, NULL, 21, '2025-01-06T13:28:29', '2025-01-06T13:48:29', NULL, N'failed', N'brak dostępnego konsultanta', NULL, N'+48 *** *** 0021'),
    (55, 338, 339, 7, '2025-01-06T14:20:46', '2025-01-06T15:10:46', '2025-01-06T15:18:54', N'completed', NULL, 12, N'+48 *** *** 0007'),
    (56, 340, NULL, 110, '2025-01-06T14:46:37', '2025-01-06T15:40:37', NULL, N'failed', N'błąd techniczny dialera', NULL, N'+48 *** *** 0110'),
    (57, 341, NULL, 105, '2025-01-06T15:16:56', '2025-01-06T17:04:56', NULL, N'overdue', N'błąd techniczny dialera', NULL, N'+48 *** *** 0105'),
    (58, 346, 347, 110, '2025-01-06T17:27:01', '2025-01-06T18:12:01', '2025-01-06T18:08:13', N'completed', NULL, 9, N'+48 *** *** 0110'),
    (59, 348, NULL, 11, '2025-01-06T17:51:07', '2025-01-06T19:14:07', NULL, N'failed', N'brak odpowiedzi klienta', NULL, N'+48 *** *** 0011'),
    (60, 363, 364, 24, '2025-01-06T23:58:13', '2025-01-07T00:41:13', '2025-01-07T00:40:36', N'completed', NULL, 3, N'+48 *** *** 0024'),
    (61, 367, NULL, 97, '2025-01-07T01:22:19', '2025-01-07T03:00:19', NULL, N'failed', N'brak odpowiedzi klienta', NULL, N'+48 *** *** 0097'),
    (62, 373, 374, 97, '2025-01-07T03:38:33', '2025-01-07T04:26:33', '2025-01-07T04:40:47', N'completed', NULL, 2, N'+48 *** *** 0097'),
    (63, 381, 382, 36, '2025-01-07T06:43:14', '2025-01-07T07:55:14', '2025-01-07T08:07:24', N'completed', NULL, 2, N'+48 *** *** 0036'),
    (64, 394, NULL, 113, '2025-01-07T11:41:20', '2025-01-07T12:22:20', NULL, N'failed', N'błąd techniczny dialera', NULL, N'+48 *** *** 0113'),
    (65, 399, 400, 55, '2025-01-07T13:42:04', '2025-01-07T14:44:04', '2025-01-07T14:47:09', N'completed', NULL, 4, N'+48 *** *** 0055'),
    (66, 408, 409, 21, '2025-01-07T16:59:10', '2025-01-07T18:15:10', '2025-01-07T18:10:37', N'completed', NULL, 12, N'+48 *** *** 0021'),
    (67, 413, 414, 49, '2025-01-07T18:44:34', '2025-01-07T18:55:34', '2025-01-07T19:12:47', N'completed', NULL, 14, N'+48 *** *** 0049'),
    (68, 417, 418, 79, '2025-01-07T19:52:47', '2025-01-07T21:05:47', '2025-01-07T21:29:10', N'completed', NULL, 15, N'+48 *** *** 0079'),
    (69, 419, 420, 51, '2025-01-07T20:24:23', '2025-01-07T20:38:23', '2025-01-07T20:49:40', N'completed', NULL, 6, N'+48 *** *** 0051'),
    (70, 421, 422, 90, '2025-01-07T20:55:07', '2025-01-07T21:46:07', '2025-01-07T21:52:20', N'completed', NULL, 10, N'+48 *** *** 0090'),
    (71, 423, 424, 61, '2025-01-07T21:17:04', '2025-01-07T22:13:04', '2025-01-07T22:35:17', N'completed', NULL, 7, N'+48 *** *** 0061'),
    (72, 429, 430, 42, '2025-01-07T23:28:15', '2025-01-07T23:56:15', '2025-01-08T00:18:40', N'completed', NULL, 3, N'+48 *** *** 0042'),
    (73, 431, 432, 109, '2025-01-07T23:38:49', '2025-01-08T00:22:49', '2025-01-08T00:37:06', N'completed', NULL, 11, N'+48 *** *** 0109'),
    (74, 438, NULL, 39, '2025-01-08T02:06:59', '2025-01-08T03:54:59', NULL, N'overdue', N'błąd techniczny dialera', NULL, N'+48 *** *** 0039'),
    (75, 440, 441, 21, '2025-01-08T03:09:16', '2025-01-08T04:25:16', '2025-01-08T04:44:40', N'completed', NULL, 13, N'+48 *** *** 0021'),
    (76, 442, NULL, 25, '2025-01-08T03:24:07', '2025-01-08T04:18:07', NULL, N'overdue', N'brak odpowiedzi klienta', NULL, N'+48 *** *** 0025'),
    (77, 444, 445, 12, '2025-01-08T04:16:58', '2025-01-08T05:13:58', '2025-01-08T05:23:28', N'completed', NULL, 12, N'+48 *** *** 0012'),
    (78, 448, NULL, 81, '2025-01-08T05:28:45', '2025-01-08T06:13:45', NULL, N'overdue', N'brak odpowiedzi klienta', NULL, N'+48 *** *** 0081'),
    (79, 450, 451, 2, '2025-01-08T06:18:07', '2025-01-08T06:59:07', '2025-01-08T06:59:14', N'completed', NULL, 8, N'+48 *** *** 0002');


GO


INSERT INTO dbo.sla_events (sla_event_id, case_id, event_type, event_time, old_status, new_status, breached_flag, event_comment) VALUES
    (1, 1, N'created', '2025-01-01T09:03:37', NULL, N'open', 0, N'Sprawa utworzona z kontaktu klienta'),
    (2, 1, N'resolved', '2025-01-01T09:25:37', N'in_progress', N'closed', 0, N'Sprawa zamknięta'),
    (3, 2, N'created', '2025-01-01T09:21:19', NULL, N'open', 0, N'Sprawa utworzona z kontaktu klienta'),
    (4, 2, N'resolved', '2025-01-01T09:58:19', N'in_progress', N'closed', 0, N'Sprawa zamknięta'),
    (5, 3, N'created', '2025-01-01T09:55:25', NULL, N'open', 0, N'Sprawa utworzona z kontaktu klienta'),
    (6, 3, N'resolved', '2025-01-01T11:10:25', N'in_progress', N'closed', 0, N'Sprawa zamknięta'),
    (7, 4, N'created', '2025-01-01T10:08:07', NULL, N'open', 0, N'Sprawa utworzona z kontaktu klienta'),
    (8, 4, N'resolved', '2025-01-01T10:18:07', N'in_progress', N'closed', 0, N'Sprawa zamknięta'),
    (9, 5, N'created', '2025-01-01T10:31:04', NULL, N'open', 0, N'Sprawa utworzona z kontaktu klienta'),
    (10, 5, N'resolved', '2025-01-01T10:34:04', N'in_progress', N'closed', 0, N'Sprawa zamknięta'),
    (11, 6, N'created', '2025-01-01T11:04:25', NULL, N'open', 0, N'Sprawa utworzona z kontaktu klienta'),
    (12, 6, N'resolved', '2025-01-01T11:40:25', N'in_progress', N'closed', 0, N'Sprawa zamknięta'),
    (13, 7, N'created', '2025-01-01T11:25:13', NULL, N'open', 0, N'Sprawa utworzona z kontaktu klienta'),
    (14, 7, N'resolved', '2025-01-01T11:59:13', N'in_progress', N'closed', 0, N'Sprawa zamknięta'),
    (15, 8, N'created', '2025-01-01T11:53:51', NULL, N'open', 0, N'Sprawa utworzona z kontaktu klienta'),
    (16, 8, N'resolved', '2025-01-01T12:01:51', N'in_progress', N'closed', 0, N'Sprawa zamknięta'),
    (17, 9, N'created', '2025-01-01T12:44:01', NULL, N'open', 0, N'Sprawa utworzona z kontaktu klienta'),
    (18, 9, N'resolved', '2025-01-01T12:57:01', N'in_progress', N'closed', 0, N'Sprawa zamknięta'),
    (19, 10, N'created', '2025-01-01T13:12:40', NULL, N'open', 0, N'Sprawa utworzona z kontaktu klienta'),
    (20, 10, N'resolved', '2025-01-01T13:41:40', N'in_progress', N'closed', 0, N'Sprawa zamknięta'),
    (21, 11, N'created', '2025-01-01T14:30:37', NULL, N'open', 0, N'Sprawa utworzona z kontaktu klienta'),
    (22, 11, N'resolved', '2025-01-01T15:16:37', N'in_progress', N'closed', 0, N'Sprawa zamknięta'),
    (23, 12, N'created', '2025-01-01T14:08:17', NULL, N'open', 0, N'Sprawa utworzona z kontaktu klienta'),
    (24, 12, N'resolved', '2025-01-01T14:49:17', N'in_progress', N'closed', 0, N'Sprawa zamknięta'),
    (25, 13, N'created', '2025-01-01T14:22:07', NULL, N'open', 0, N'Sprawa utworzona z kontaktu klienta'),
    (26, 13, N'resolved', '2025-01-01T14:30:07', N'in_progress', N'closed', 0, N'Sprawa zamknięta'),
    (27, 14, N'created', '2025-01-01T14:54:43', NULL, N'open', 0, N'Sprawa utworzona z kontaktu klienta'),
    (28, 14, N'resolved', '2025-01-01T15:12:43', N'in_progress', N'closed', 0, N'Sprawa zamknięta'),
    (29, 15, N'created', '2025-01-01T15:39:45', NULL, N'open', 0, N'Sprawa utworzona z kontaktu klienta'),
    (30, 15, N'resolved', '2025-01-01T16:48:45', N'in_progress', N'closed', 0, N'Sprawa zamknięta'),
    (31, 16, N'created', '2025-01-01T16:37:21', NULL, N'open', 0, N'Sprawa utworzona z kontaktu klienta'),
    (32, 16, N'resolved', '2025-01-01T16:59:21', N'in_progress', N'closed', 0, N'Sprawa zamknięta'),
    (33, 17, N'created', '2025-01-01T18:27:04', NULL, N'open', 0, N'Sprawa utworzona z kontaktu klienta'),
    (34, 17, N'resolved', '2025-01-01T19:21:04', N'in_progress', N'closed', 0, N'Sprawa zamknięta'),
    (35, 18, N'created', '2025-01-01T19:00:10', NULL, N'open', 0, N'Sprawa utworzona z kontaktu klienta'),
    (36, 18, N'escalated', '2025-01-01T20:35:10', N'in_progress', N'escalated', 0, N'Sprawa przekazana do 2nd line'),
    (37, 18, N'breached', '2025-01-03T07:01:10', N'in_progress', N'in_progress', 1, N'Przekroczono termin SLA'),
    (38, 18, N'resolved', '2025-01-03T10:01:10', N'escalated', N'closed', 1, N'Sprawa zamknięta'),
    (39, 19, N'created', '2025-01-01T17:50:27', NULL, N'open', 0, N'Sprawa utworzona z kontaktu klienta'),
    (40, 19, N'resolved', '2025-01-01T18:49:27', N'in_progress', N'closed', 0, N'Sprawa zamknięta'),
    (41, 20, N'created', '2025-01-01T18:53:27', NULL, N'open', 0, N'Sprawa utworzona z kontaktu klienta'),
    (42, 20, N'resolved', '2025-01-01T20:23:27', N'in_progress', N'closed', 0, N'Sprawa zamknięta'),
    (43, 21, N'created', '2025-01-01T19:25:15', NULL, N'open', 0, N'Sprawa utworzona z kontaktu klienta'),
    (44, 21, N'resolved', '2025-01-01T20:44:15', N'in_progress', N'closed', 0, N'Sprawa zamknięta'),
    (45, 22, N'created', '2025-01-01T19:49:06', NULL, N'open', 0, N'Sprawa utworzona z kontaktu klienta'),
    (46, 22, N'resolved', '2025-01-01T19:54:06', N'in_progress', N'closed', 0, N'Sprawa zamknięta'),
    (47, 23, N'created', '2025-01-01T20:06:04', NULL, N'open', 0, N'Sprawa utworzona z kontaktu klienta'),
    (48, 23, N'resolved', '2025-01-01T20:13:04', N'in_progress', N'closed', 0, N'Sprawa zamknięta'),
    (49, 24, N'created', '2025-01-01T21:05:57', NULL, N'open', 0, N'Sprawa utworzona z kontaktu klienta'),
    (50, 24, N'resolved', '2025-01-01T21:21:57', N'in_progress', N'closed', 0, N'Sprawa zamknięta'),
    (51, 25, N'created', '2025-01-01T23:11:05', NULL, N'open', 0, N'Sprawa utworzona z kontaktu klienta'),
    (52, 25, N'resolved', '2025-01-01T23:49:05', N'in_progress', N'closed', 0, N'Sprawa zamknięta'),
    (53, 26, N'created', '2025-01-01T23:43:10', NULL, N'open', 0, N'Sprawa utworzona z kontaktu klienta'),
    (54, 26, N'resolved', '2025-01-02T00:17:10', N'in_progress', N'closed', 0, N'Sprawa zamknięta'),
    (55, 27, N'created', '2025-01-01T23:07:43', NULL, N'open', 0, N'Sprawa utworzona z kontaktu klienta'),
    (56, 27, N'resolved', '2025-01-01T23:47:43', N'in_progress', N'closed', 0, N'Sprawa zamknięta'),
    (57, 28, N'created', '2025-01-01T23:31:04', NULL, N'open', 0, N'Sprawa utworzona z kontaktu klienta'),
    (58, 28, N'resolved', '2025-01-01T23:32:04', N'in_progress', N'closed', 0, N'Sprawa zamknięta'),
    (59, 29, N'created', '2025-01-01T23:57:46', NULL, N'open', 0, N'Sprawa utworzona z kontaktu klienta'),
    (60, 29, N'resolved', '2025-01-02T00:08:46', N'in_progress', N'closed', 0, N'Sprawa zamknięta'),
    (61, 30, N'created', '2025-01-02T00:30:58', NULL, N'open', 0, N'Sprawa utworzona z kontaktu klienta'),
    (62, 30, N'resolved', '2025-01-02T01:47:58', N'in_progress', N'closed', 0, N'Sprawa zamknięta'),
    (63, 31, N'created', '2025-01-02T00:50:43', NULL, N'open', 0, N'Sprawa utworzona z kontaktu klienta'),
    (64, 31, N'resolved', '2025-01-02T01:51:43', N'in_progress', N'closed', 0, N'Sprawa zamknięta'),
    (65, 32, N'created', '2025-01-02T01:21:26', NULL, N'open', 0, N'Sprawa utworzona z kontaktu klienta'),
    (66, 32, N'resolved', '2025-01-02T01:36:26', N'in_progress', N'closed', 0, N'Sprawa zamknięta'),
    (67, 33, N'created', '2025-01-02T02:04:07', NULL, N'open', 0, N'Sprawa utworzona z kontaktu klienta'),
    (68, 33, N'resolved', '2025-01-02T02:14:07', N'in_progress', N'closed', 0, N'Sprawa zamknięta'),
    (69, 34, N'created', '2025-01-02T02:49:09', NULL, N'open', 0, N'Sprawa utworzona z kontaktu klienta'),
    (70, 34, N'resolved', '2025-01-02T03:32:09', N'in_progress', N'closed', 0, N'Sprawa zamknięta'),
    (71, 35, N'created', '2025-01-02T03:45:57', NULL, N'open', 0, N'Sprawa utworzona z kontaktu klienta'),
    (72, 35, N'resolved', '2025-01-02T05:13:57', N'in_progress', N'closed', 0, N'Sprawa zamknięta'),
    (73, 36, N'created', '2025-01-02T04:11:02', NULL, N'open', 0, N'Sprawa utworzona z kontaktu klienta'),
    (74, 36, N'resolved', '2025-01-02T05:41:02', N'in_progress', N'closed', 0, N'Sprawa zamknięta'),
    (75, 37, N'created', '2025-01-02T04:34:59', NULL, N'open', 0, N'Sprawa utworzona z kontaktu klienta'),
    (76, 37, N'resolved', '2025-01-02T05:19:59', N'in_progress', N'closed', 0, N'Sprawa zamknięta'),
    (77, 38, N'created', '2025-01-02T04:53:08', NULL, N'open', 0, N'Sprawa utworzona z kontaktu klienta'),
    (78, 38, N'resolved', '2025-01-02T04:57:08', N'in_progress', N'closed', 0, N'Sprawa zamknięta'),
    (79, 39, N'created', '2025-01-02T05:32:51', NULL, N'open', 0, N'Sprawa utworzona z kontaktu klienta'),
    (80, 39, N'resolved', '2025-01-02T06:39:51', N'in_progress', N'closed', 0, N'Sprawa zamknięta'),
    (81, 40, N'created', '2025-01-02T05:48:59', NULL, N'open', 0, N'Sprawa utworzona z kontaktu klienta'),
    (82, 40, N'resolved', '2025-01-02T06:56:59', N'in_progress', N'closed', 0, N'Sprawa zamknięta'),
    (83, 41, N'created', '2025-01-02T06:15:29', NULL, N'open', 0, N'Sprawa utworzona z kontaktu klienta'),
    (84, 41, N'resolved', '2025-01-02T06:55:29', N'in_progress', N'closed', 0, N'Sprawa zamknięta'),
    (85, 42, N'created', '2025-01-02T06:41:31', NULL, N'open', 0, N'Sprawa utworzona z kontaktu klienta'),
    (86, 42, N'resolved', '2025-01-02T07:28:31', N'in_progress', N'closed', 0, N'Sprawa zamknięta'),
    (87, 43, N'created', '2025-01-02T07:27:34', NULL, N'open', 0, N'Sprawa utworzona z kontaktu klienta'),
    (88, 43, N'resolved', '2025-01-02T08:20:34', N'in_progress', N'closed', 0, N'Sprawa zamknięta'),
    (89, 44, N'created', '2025-01-02T07:25:09', NULL, N'open', 0, N'Sprawa utworzona z kontaktu klienta'),
    (90, 44, N'resolved', '2025-01-02T07:31:09', N'in_progress', N'closed', 0, N'Sprawa zamknięta'),
    (91, 45, N'created', '2025-01-02T07:50:57', NULL, N'open', 0, N'Sprawa utworzona z kontaktu klienta'),
    (92, 45, N'resolved', '2025-01-02T08:35:57', N'in_progress', N'closed', 0, N'Sprawa zamknięta'),
    (93, 46, N'created', '2025-01-02T08:15:00', NULL, N'open', 0, N'Sprawa utworzona z kontaktu klienta'),
    (94, 46, N'escalated', '2025-01-02T08:46:00', N'in_progress', N'escalated', 0, N'Sprawa przekazana do 2nd line'),
    (95, 46, N'breached', '2025-01-03T08:16:00', N'in_progress', N'in_progress', 1, N'Przekroczono termin SLA'),
    (96, 46, N'resolved', '2025-01-04T09:00:00', N'escalated', N'closed', 1, N'Sprawa zamknięta'),
    (97, 47, N'created', '2025-01-02T09:50:05', NULL, N'open', 0, N'Sprawa utworzona z kontaktu klienta'),
    (98, 47, N'escalated', '2025-01-02T11:03:05', N'in_progress', N'escalated', 0, N'Sprawa przekazana do 2nd line'),
    (99, 47, N'resolved', '2025-01-02T23:29:05', N'escalated', N'closed', 0, N'Sprawa zamknięta'),
    (100, 48, N'created', '2025-01-02T09:42:04', NULL, N'open', 0, N'Sprawa utworzona z kontaktu klienta'),
    (101, 48, N'resolved', '2025-01-02T10:36:04', N'in_progress', N'closed', 0, N'Sprawa zamknięta'),
    (102, 49, N'created', '2025-01-02T10:01:57', NULL, N'open', 0, N'Sprawa utworzona z kontaktu klienta'),
    (103, 49, N'resolved', '2025-01-02T11:18:57', N'in_progress', N'closed', 0, N'Sprawa zamknięta'),
    (104, 50, N'created', '2025-01-02T11:21:21', NULL, N'open', 0, N'Sprawa utworzona z kontaktu klienta'),
    (105, 50, N'escalated', '2025-01-02T13:11:21', N'in_progress', N'escalated', 0, N'Sprawa przekazana do 2nd line'),
    (106, 50, N'resolved', '2025-01-03T02:18:21', N'escalated', N'closed', 0, N'Sprawa zamknięta'),
    (107, 51, N'created', '2025-01-02T10:45:38', NULL, N'open', 0, N'Sprawa utworzona z kontaktu klienta'),
    (108, 51, N'resolved', '2025-01-02T11:06:38', N'in_progress', N'closed', 0, N'Sprawa zamknięta'),
    (109, 52, N'created', '2025-01-02T11:17:15', NULL, N'open', 0, N'Sprawa utworzona z kontaktu klienta'),
    (110, 52, N'escalated', '2025-01-02T11:38:15', N'in_progress', N'escalated', 0, N'Sprawa przekazana do 2nd line'),
    (111, 52, N'resolved', '2025-01-03T10:12:15', N'escalated', N'closed', 0, N'Sprawa zamknięta'),
    (112, 53, N'created', '2025-01-02T12:41:16', NULL, N'open', 0, N'Sprawa utworzona z kontaktu klienta'),
    (113, 53, N'resolved', '2025-01-02T13:15:16', N'in_progress', N'closed', 0, N'Sprawa zamknięta'),
    (114, 54, N'created', '2025-01-02T12:09:08', NULL, N'open', 0, N'Sprawa utworzona z kontaktu klienta'),
    (115, 54, N'resolved', '2025-01-02T12:28:08', N'in_progress', N'closed', 0, N'Sprawa zamknięta'),
    (116, 55, N'created', '2025-01-02T12:24:21', NULL, N'open', 0, N'Sprawa utworzona z kontaktu klienta'),
    (117, 55, N'resolved', '2025-01-02T13:38:21', N'in_progress', N'closed', 0, N'Sprawa zamknięta'),
    (118, 56, N'created', '2025-01-02T12:50:00', NULL, N'open', 0, N'Sprawa utworzona z kontaktu klienta'),
    (119, 56, N'resolved', '2025-01-02T13:51:00', N'in_progress', N'closed', 0, N'Sprawa zamknięta'),
    (120, 57, N'created', '2025-01-02T13:21:02', NULL, N'open', 0, N'Sprawa utworzona z kontaktu klienta'),
    (121, 57, N'resolved', '2025-01-02T13:23:02', N'in_progress', N'closed', 0, N'Sprawa zamknięta'),
    (122, 58, N'created', '2025-01-02T14:09:11', NULL, N'open', 0, N'Sprawa utworzona z kontaktu klienta'),
    (123, 58, N'escalated', '2025-01-02T14:33:11', N'in_progress', N'escalated', 0, N'Sprawa przekazana do 2nd line'),
    (124, 58, N'resolved', '2025-01-03T07:17:11', N'escalated', N'closed', 0, N'Sprawa zamknięta'),
    (125, 59, N'created', '2025-01-02T14:56:01', NULL, N'open', 0, N'Sprawa utworzona z kontaktu klienta'),
    (126, 59, N'resolved', '2025-01-02T16:16:01', N'in_progress', N'closed', 0, N'Sprawa zamknięta'),
    (127, 60, N'created', '2025-01-02T15:24:03', NULL, N'open', 0, N'Sprawa utworzona z kontaktu klienta'),
    (128, 60, N'resolved', '2025-01-02T15:32:03', N'in_progress', N'closed', 0, N'Sprawa zamknięta'),
    (129, 61, N'created', '2025-01-02T16:16:06', NULL, N'open', 0, N'Sprawa utworzona z kontaktu klienta'),
    (130, 61, N'resolved', '2025-01-02T17:16:06', N'in_progress', N'closed', 0, N'Sprawa zamknięta'),
    (131, 62, N'created', '2025-01-02T17:12:58', NULL, N'open', 0, N'Sprawa utworzona z kontaktu klienta'),
    (132, 62, N'escalated', '2025-01-02T18:57:58', N'in_progress', N'escalated', 0, N'Sprawa przekazana do 2nd line'),
    (133, 62, N'resolved', '2025-01-03T06:17:58', N'escalated', N'closed', 0, N'Sprawa zamknięta'),
    (134, 63, N'created', '2025-01-02T17:33:23', NULL, N'open', 0, N'Sprawa utworzona z kontaktu klienta'),
    (135, 63, N'resolved', '2025-01-02T19:03:23', N'in_progress', N'closed', 0, N'Sprawa zamknięta'),
    (136, 64, N'created', '2025-01-02T17:50:06', NULL, N'open', 0, N'Sprawa utworzona z kontaktu klienta'),
    (137, 64, N'escalated', '2025-01-02T19:13:06', N'in_progress', N'escalated', 0, N'Sprawa przekazana do 2nd line'),
    (138, 64, N'breached', '2025-01-03T17:51:06', N'in_progress', N'in_progress', 1, N'Przekroczono termin SLA'),
    (139, 64, N'resolved', '2025-01-04T13:13:06', N'escalated', N'closed', 1, N'Sprawa zamknięta'),
    (140, 65, N'created', '2025-01-02T18:23:08', NULL, N'open', 0, N'Sprawa utworzona z kontaktu klienta'),
    (141, 65, N'resolved', '2025-01-02T18:28:08', N'in_progress', N'closed', 0, N'Sprawa zamknięta'),
    (142, 66, N'created', '2025-01-02T18:35:03', NULL, N'open', 0, N'Sprawa utworzona z kontaktu klienta'),
    (143, 66, N'resolved', '2025-01-02T18:44:03', N'in_progress', N'closed', 0, N'Sprawa zamknięta'),
    (144, 67, N'created', '2025-01-02T19:18:24', NULL, N'open', 0, N'Sprawa utworzona z kontaktu klienta'),
    (145, 67, N'resolved', '2025-01-02T19:29:24', N'in_progress', N'closed', 0, N'Sprawa zamknięta'),
    (146, 68, N'created', '2025-01-02T20:54:36', NULL, N'open', 0, N'Sprawa utworzona z kontaktu klienta'),
    (147, 68, N'resolved', '2025-01-02T22:14:36', N'in_progress', N'closed', 0, N'Sprawa zamknięta'),
    (148, 69, N'created', '2025-01-02T19:59:02', NULL, N'open', 0, N'Sprawa utworzona z kontaktu klienta'),
    (149, 69, N'resolved', '2025-01-02T20:02:02', N'in_progress', N'closed', 0, N'Sprawa zamknięta'),
    (150, 70, N'created', '2025-01-02T20:48:30', NULL, N'open', 0, N'Sprawa utworzona z kontaktu klienta'),
    (151, 70, N'resolved', '2025-01-02T21:33:30', N'in_progress', N'closed', 0, N'Sprawa zamknięta'),
    (152, 71, N'created', '2025-01-02T21:17:07', NULL, N'open', 0, N'Sprawa utworzona z kontaktu klienta'),
    (153, 71, N'resolved', '2025-01-02T21:27:07', N'in_progress', N'closed', 0, N'Sprawa zamknięta'),
    (154, 72, N'created', '2025-01-02T21:42:52', NULL, N'open', 0, N'Sprawa utworzona z kontaktu klienta'),
    (155, 72, N'resolved', '2025-01-02T22:30:52', N'in_progress', N'closed', 0, N'Sprawa zamknięta'),
    (156, 73, N'created', '2025-01-02T22:05:00', NULL, N'open', 0, N'Sprawa utworzona z kontaktu klienta'),
    (157, 73, N'resolved', '2025-01-02T23:32:00', N'in_progress', N'closed', 0, N'Sprawa zamknięta'),
    (158, 74, N'created', '2025-01-02T22:51:35', NULL, N'open', 0, N'Sprawa utworzona z kontaktu klienta'),
    (159, 74, N'resolved', '2025-01-03T00:16:35', N'in_progress', N'closed', 0, N'Sprawa zamknięta'),
    (160, 75, N'created', '2025-01-02T23:25:51', NULL, N'open', 0, N'Sprawa utworzona z kontaktu klienta'),
    (161, 75, N'resolved', '2025-01-03T00:09:51', N'in_progress', N'closed', 0, N'Sprawa zamknięta'),
    (162, 76, N'created', '2025-01-02T23:37:47', NULL, N'open', 0, N'Sprawa utworzona z kontaktu klienta'),
    (163, 76, N'resolved', '2025-01-02T23:47:47', N'in_progress', N'closed', 0, N'Sprawa zamknięta'),
    (164, 77, N'created', '2025-01-03T00:06:04', NULL, N'open', 0, N'Sprawa utworzona z kontaktu klienta'),
    (165, 77, N'resolved', '2025-01-03T00:12:04', N'in_progress', N'closed', 0, N'Sprawa zamknięta'),
    (166, 78, N'created', '2025-01-03T00:59:05', NULL, N'open', 0, N'Sprawa utworzona z kontaktu klienta'),
    (167, 78, N'resolved', '2025-01-03T01:01:05', N'in_progress', N'closed', 0, N'Sprawa zamknięta'),
    (168, 79, N'created', '2025-01-03T01:25:30', NULL, N'open', 0, N'Sprawa utworzona z kontaktu klienta'),
    (169, 79, N'resolved', '2025-01-03T02:46:30', N'in_progress', N'closed', 0, N'Sprawa zamknięta'),
    (170, 80, N'created', '2025-01-03T01:56:19', NULL, N'open', 0, N'Sprawa utworzona z kontaktu klienta'),
    (171, 80, N'resolved', '2025-01-03T02:47:19', N'in_progress', N'closed', 0, N'Sprawa zamknięta'),
    (172, 81, N'created', '2025-01-03T02:11:04', NULL, N'open', 0, N'Sprawa utworzona z kontaktu klienta'),
    (173, 81, N'resolved', '2025-01-03T02:13:04', N'in_progress', N'closed', 0, N'Sprawa zamknięta'),
    (174, 82, N'created', '2025-01-03T03:03:31', NULL, N'open', 0, N'Sprawa utworzona z kontaktu klienta'),
    (175, 82, N'resolved', '2025-01-03T04:05:31', N'in_progress', N'closed', 0, N'Sprawa zamknięta'),
    (176, 83, N'created', '2025-01-03T03:30:37', NULL, N'open', 0, N'Sprawa utworzona z kontaktu klienta'),
    (177, 83, N'resolved', '2025-01-03T03:55:37', N'in_progress', N'closed', 0, N'Sprawa zamknięta'),
    (178, 84, N'created', '2025-01-03T03:54:14', NULL, N'open', 0, N'Sprawa utworzona z kontaktu klienta'),
    (179, 84, N'resolved', '2025-01-03T05:05:14', N'in_progress', N'closed', 0, N'Sprawa zamknięta'),
    (180, 85, N'created', '2025-01-03T04:14:54', NULL, N'open', 0, N'Sprawa utworzona z kontaktu klienta'),
    (181, 85, N'resolved', '2025-01-03T05:03:54', N'in_progress', N'closed', 0, N'Sprawa zamknięta'),
    (182, 86, N'created', '2025-01-03T04:38:41', NULL, N'open', 0, N'Sprawa utworzona z kontaktu klienta'),
    (183, 86, N'escalated', '2025-01-03T04:52:41', N'in_progress', N'escalated', 0, N'Sprawa przekazana do 2nd line'),
    (184, 86, N'breached', '2025-01-04T04:39:41', N'in_progress', N'in_progress', 1, N'Przekroczono termin SLA'),
    (185, 86, N'resolved', '2025-01-05T05:59:41', N'escalated', N'closed', 1, N'Sprawa zamknięta'),
    (186, 87, N'created', '2025-01-03T05:16:19', NULL, N'open', 0, N'Sprawa utworzona z kontaktu klienta'),
    (187, 87, N'resolved', '2025-01-03T05:40:19', N'in_progress', N'closed', 0, N'Sprawa zamknięta'),
    (188, 88, N'created', '2025-01-03T06:42:10', NULL, N'open', 0, N'Sprawa utworzona z kontaktu klienta'),
    (189, 88, N'resolved', '2025-01-03T08:07:10', N'in_progress', N'closed', 0, N'Sprawa zamknięta'),
    (190, 89, N'created', '2025-01-03T06:49:58', NULL, N'open', 0, N'Sprawa utworzona z kontaktu klienta'),
    (191, 89, N'resolved', '2025-01-03T07:39:58', N'in_progress', N'closed', 0, N'Sprawa zamknięta'),
    (192, 90, N'created', '2025-01-03T07:55:40', NULL, N'open', 0, N'Sprawa utworzona z kontaktu klienta'),
    (193, 90, N'resolved', '2025-01-03T08:59:40', N'in_progress', N'closed', 0, N'Sprawa zamknięta'),
    (194, 91, N'created', '2025-01-03T07:12:15', NULL, N'open', 0, N'Sprawa utworzona z kontaktu klienta'),
    (195, 91, N'resolved', '2025-01-03T07:42:15', N'in_progress', N'closed', 0, N'Sprawa zamknięta'),
    (196, 92, N'created', '2025-01-03T07:39:06', NULL, N'open', 0, N'Sprawa utworzona z kontaktu klienta'),
    (197, 92, N'resolved', '2025-01-03T07:40:06', N'in_progress', N'closed', 0, N'Sprawa zamknięta'),
    (198, 93, N'created', '2025-01-03T08:00:56', NULL, N'open', 0, N'Sprawa utworzona z kontaktu klienta'),
    (199, 93, N'resolved', '2025-01-03T09:08:56', N'in_progress', N'closed', 0, N'Sprawa zamknięta'),
    (200, 94, N'created', '2025-01-03T08:51:12', NULL, N'open', 0, N'Sprawa utworzona z kontaktu klienta');

INSERT INTO dbo.sla_events (sla_event_id, case_id, event_type, event_time, old_status, new_status, breached_flag, event_comment) VALUES
    (201, 94, N'escalated', '2025-01-03T10:22:12', N'in_progress', N'escalated', 0, N'Sprawa przekazana do 2nd line'),
    (202, 94, N'breached', '2025-01-04T08:52:12', N'in_progress', N'in_progress', 1, N'Przekroczono termin SLA'),
    (203, 94, N'resolved', '2025-01-04T15:30:12', N'escalated', N'closed', 1, N'Sprawa zamknięta'),
    (204, 95, N'created', '2025-01-03T09:16:31', NULL, N'open', 0, N'Sprawa utworzona z kontaktu klienta'),
    (205, 95, N'resolved', '2025-01-03T10:17:31', N'in_progress', N'closed', 0, N'Sprawa zamknięta'),
    (206, 96, N'created', '2025-01-03T09:39:03', NULL, N'open', 0, N'Sprawa utworzona z kontaktu klienta'),
    (207, 96, N'resolved', '2025-01-03T10:57:03', N'in_progress', N'closed', 0, N'Sprawa zamknięta'),
    (208, 97, N'created', '2025-01-03T10:15:28', NULL, N'open', 0, N'Sprawa utworzona z kontaktu klienta'),
    (209, 97, N'resolved', '2025-01-03T11:09:28', N'in_progress', N'closed', 0, N'Sprawa zamknięta'),
    (210, 98, N'created', '2025-01-03T10:35:30', NULL, N'open', 0, N'Sprawa utworzona z kontaktu klienta'),
    (211, 98, N'escalated', '2025-01-03T12:28:30', N'in_progress', N'escalated', 0, N'Sprawa przekazana do 2nd line'),
    (212, 98, N'resolved', '2025-01-04T06:32:30', N'escalated', N'closed', 0, N'Sprawa zamknięta'),
    (213, 99, N'created', '2025-01-03T11:02:42', NULL, N'open', 0, N'Sprawa utworzona z kontaktu klienta'),
    (214, 99, N'resolved', '2025-01-03T12:28:42', N'in_progress', N'closed', 0, N'Sprawa zamknięta'),
    (215, 100, N'created', '2025-01-03T11:56:14', NULL, N'open', 0, N'Sprawa utworzona z kontaktu klienta'),
    (216, 100, N'resolved', '2025-01-03T12:51:14', N'in_progress', N'closed', 0, N'Sprawa zamknięta'),
    (217, 101, N'created', '2025-01-03T12:19:53', NULL, N'open', 0, N'Sprawa utworzona z kontaktu klienta'),
    (218, 101, N'resolved', '2025-01-03T13:30:53', N'in_progress', N'closed', 0, N'Sprawa zamknięta'),
    (219, 102, N'created', '2025-01-03T12:36:30', NULL, N'open', 0, N'Sprawa utworzona z kontaktu klienta'),
    (220, 102, N'resolved', '2025-01-03T13:01:30', N'in_progress', N'closed', 0, N'Sprawa zamknięta'),
    (221, 103, N'created', '2025-01-03T13:31:47', NULL, N'open', 0, N'Sprawa utworzona z kontaktu klienta'),
    (222, 103, N'resolved', '2025-01-03T14:55:47', N'in_progress', N'closed', 0, N'Sprawa zamknięta'),
    (223, 104, N'created', '2025-01-03T13:47:53', NULL, N'open', 0, N'Sprawa utworzona z kontaktu klienta'),
    (224, 104, N'resolved', '2025-01-03T14:45:53', N'in_progress', N'closed', 0, N'Sprawa zamknięta'),
    (225, 105, N'created', '2025-01-03T14:21:36', NULL, N'open', 0, N'Sprawa utworzona z kontaktu klienta'),
    (226, 105, N'resolved', '2025-01-03T14:33:36', N'in_progress', N'closed', 0, N'Sprawa zamknięta'),
    (227, 106, N'created', '2025-01-03T14:48:05', NULL, N'open', 0, N'Sprawa utworzona z kontaktu klienta'),
    (228, 106, N'resolved', '2025-01-03T14:55:05', N'in_progress', N'closed', 0, N'Sprawa zamknięta'),
    (229, 107, N'created', '2025-01-03T15:11:06', NULL, N'open', 0, N'Sprawa utworzona z kontaktu klienta'),
    (230, 107, N'resolved', '2025-01-03T15:13:06', N'in_progress', N'closed', 0, N'Sprawa zamknięta'),
    (231, 108, N'created', '2025-01-03T15:41:03', NULL, N'open', 0, N'Sprawa utworzona z kontaktu klienta'),
    (232, 108, N'escalated', '2025-01-03T16:54:03', N'in_progress', N'escalated', 0, N'Sprawa przekazana do 2nd line'),
    (233, 108, N'breached', '2025-01-04T15:42:03', N'in_progress', N'in_progress', 1, N'Przekroczono termin SLA'),
    (234, 108, N'resolved', '2025-01-05T08:10:03', N'escalated', N'closed', 1, N'Sprawa zamknięta'),
    (235, 109, N'created', '2025-01-03T15:53:56', NULL, N'open', 0, N'Sprawa utworzona z kontaktu klienta'),
    (236, 109, N'resolved', '2025-01-03T17:21:56', N'in_progress', N'closed', 0, N'Sprawa zamknięta'),
    (237, 110, N'created', '2025-01-03T16:55:05', NULL, N'open', 0, N'Sprawa utworzona z kontaktu klienta'),
    (238, 110, N'resolved', '2025-01-03T18:04:05', N'in_progress', N'closed', 0, N'Sprawa zamknięta'),
    (239, 111, N'created', '2025-01-03T19:01:25', NULL, N'open', 0, N'Sprawa utworzona z kontaktu klienta'),
    (240, 111, N'resolved', '2025-01-03T20:10:25', N'in_progress', N'closed', 0, N'Sprawa zamknięta'),
    (241, 112, N'created', '2025-01-03T17:31:03', NULL, N'open', 0, N'Sprawa utworzona z kontaktu klienta'),
    (242, 112, N'resolved', '2025-01-03T17:41:03', N'in_progress', N'closed', 0, N'Sprawa zamknięta'),
    (243, 113, N'created', '2025-01-03T18:10:24', NULL, N'open', 0, N'Sprawa utworzona z kontaktu klienta'),
    (244, 113, N'resolved', '2025-01-03T18:17:24', N'in_progress', N'closed', 0, N'Sprawa zamknięta'),
    (245, 114, N'created', '2025-01-03T18:26:20', NULL, N'open', 0, N'Sprawa utworzona z kontaktu klienta'),
    (246, 114, N'resolved', '2025-01-03T19:45:20', N'in_progress', N'closed', 0, N'Sprawa zamknięta'),
    (247, 115, N'created', '2025-01-03T18:51:17', NULL, N'open', 0, N'Sprawa utworzona z kontaktu klienta'),
    (248, 115, N'resolved', '2025-01-03T19:00:17', N'in_progress', N'closed', 0, N'Sprawa zamknięta'),
    (249, 116, N'created', '2025-01-03T19:13:28', NULL, N'open', 0, N'Sprawa utworzona z kontaktu klienta'),
    (250, 116, N'resolved', '2025-01-03T19:25:28', N'in_progress', N'closed', 0, N'Sprawa zamknięta'),
    (251, 117, N'created', '2025-01-03T21:15:14', NULL, N'open', 0, N'Sprawa utworzona z kontaktu klienta'),
    (252, 117, N'resolved', '2025-01-03T22:42:14', N'in_progress', N'closed', 0, N'Sprawa zamknięta'),
    (253, 118, N'created', '2025-01-03T22:21:37', NULL, N'open', 0, N'Sprawa utworzona z kontaktu klienta'),
    (254, 118, N'resolved', '2025-01-03T22:41:37', N'in_progress', N'closed', 0, N'Sprawa zamknięta'),
    (255, 119, N'created', '2025-01-03T22:22:17', NULL, N'open', 0, N'Sprawa utworzona z kontaktu klienta'),
    (256, 119, N'resolved', '2025-01-03T23:01:17', N'in_progress', N'closed', 0, N'Sprawa zamknięta'),
    (257, 120, N'created', '2025-01-03T21:21:54', NULL, N'open', 0, N'Sprawa utworzona z kontaktu klienta'),
    (258, 120, N'resolved', '2025-01-03T22:26:54', N'in_progress', N'closed', 0, N'Sprawa zamknięta'),
    (259, 121, N'created', '2025-01-03T21:47:48', NULL, N'open', 0, N'Sprawa utworzona z kontaktu klienta'),
    (260, 121, N'resolved', '2025-01-03T22:28:48', N'in_progress', N'closed', 0, N'Sprawa zamknięta'),
    (261, 122, N'created', '2025-01-03T22:12:04', NULL, N'open', 0, N'Sprawa utworzona z kontaktu klienta'),
    (262, 122, N'resolved', '2025-01-03T22:39:04', N'in_progress', N'closed', 0, N'Sprawa zamknięta'),
    (263, 123, N'created', '2025-01-03T22:45:02', NULL, N'open', 0, N'Sprawa utworzona z kontaktu klienta'),
    (264, 123, N'resolved', '2025-01-04T00:12:02', N'in_progress', N'closed', 0, N'Sprawa zamknięta'),
    (265, 124, N'created', '2025-01-03T23:01:28', NULL, N'open', 0, N'Sprawa utworzona z kontaktu klienta'),
    (266, 124, N'resolved', '2025-01-03T23:29:28', N'in_progress', N'closed', 0, N'Sprawa zamknięta'),
    (267, 125, N'created', '2025-01-04T00:31:19', NULL, N'open', 0, N'Sprawa utworzona z kontaktu klienta'),
    (268, 125, N'resolved', '2025-01-04T01:25:19', N'in_progress', N'closed', 0, N'Sprawa zamknięta'),
    (269, 126, N'created', '2025-01-04T00:18:04', NULL, N'open', 0, N'Sprawa utworzona z kontaktu klienta'),
    (270, 126, N'resolved', '2025-01-04T00:19:04', N'in_progress', N'closed', 0, N'Sprawa zamknięta'),
    (271, 127, N'created', '2025-01-04T00:48:46', NULL, N'open', 0, N'Sprawa utworzona z kontaktu klienta'),
    (272, 127, N'resolved', '2025-01-04T02:14:46', N'in_progress', N'closed', 0, N'Sprawa zamknięta'),
    (273, 128, N'created', '2025-01-04T01:09:30', NULL, N'open', 0, N'Sprawa utworzona z kontaktu klienta'),
    (274, 128, N'resolved', '2025-01-04T02:14:30', N'in_progress', N'closed', 0, N'Sprawa zamknięta'),
    (275, 129, N'created', '2025-01-04T01:36:46', NULL, N'open', 0, N'Sprawa utworzona z kontaktu klienta'),
    (276, 129, N'resolved', '2025-01-04T02:51:46', N'in_progress', N'closed', 0, N'Sprawa zamknięta'),
    (277, 130, N'created', '2025-01-04T01:57:48', NULL, N'open', 0, N'Sprawa utworzona z kontaktu klienta'),
    (278, 130, N'resolved', '2025-01-04T03:07:48', N'in_progress', N'closed', 0, N'Sprawa zamknięta'),
    (279, 131, N'created', '2025-01-04T02:18:54', NULL, N'open', 0, N'Sprawa utworzona z kontaktu klienta'),
    (280, 131, N'resolved', '2025-01-04T03:13:54', N'in_progress', N'closed', 0, N'Sprawa zamknięta'),
    (281, 132, N'created', '2025-01-04T03:13:00', NULL, N'open', 0, N'Sprawa utworzona z kontaktu klienta'),
    (282, 132, N'resolved', '2025-01-04T04:10:00', N'in_progress', N'closed', 0, N'Sprawa zamknięta'),
    (283, 133, N'created', '2025-01-04T03:35:58', NULL, N'open', 0, N'Sprawa utworzona z kontaktu klienta'),
    (284, 133, N'resolved', '2025-01-04T03:42:58', N'in_progress', N'closed', 0, N'Sprawa zamknięta'),
    (285, 134, N'created', '2025-01-04T05:08:47', NULL, N'open', 0, N'Sprawa utworzona z kontaktu klienta'),
    (286, 134, N'resolved', '2025-01-04T06:31:47', N'in_progress', N'closed', 0, N'Sprawa zamknięta'),
    (287, 135, N'created', '2025-01-04T04:30:32', NULL, N'open', 0, N'Sprawa utworzona z kontaktu klienta'),
    (288, 135, N'resolved', '2025-01-04T04:40:32', N'in_progress', N'closed', 0, N'Sprawa zamknięta'),
    (289, 136, N'created', '2025-01-04T04:56:36', NULL, N'open', 0, N'Sprawa utworzona z kontaktu klienta'),
    (290, 136, N'resolved', '2025-01-04T05:42:36', N'in_progress', N'closed', 0, N'Sprawa zamknięta'),
    (291, 137, N'created', '2025-01-04T05:44:27', NULL, N'open', 0, N'Sprawa utworzona z kontaktu klienta'),
    (292, 137, N'resolved', '2025-01-04T06:29:27', N'in_progress', N'closed', 0, N'Sprawa zamknięta'),
    (293, 138, N'created', '2025-01-04T06:26:06', NULL, N'open', 0, N'Sprawa utworzona z kontaktu klienta'),
    (294, 138, N'resolved', '2025-01-04T06:32:06', N'in_progress', N'closed', 0, N'Sprawa zamknięta'),
    (295, 139, N'created', '2025-01-04T07:06:38', NULL, N'open', 0, N'Sprawa utworzona z kontaktu klienta'),
    (296, 139, N'resolved', '2025-01-04T08:28:38', N'in_progress', N'closed', 0, N'Sprawa zamknięta'),
    (297, 140, N'created', '2025-01-04T07:22:09', NULL, N'open', 0, N'Sprawa utworzona z kontaktu klienta'),
    (298, 140, N'resolved', '2025-01-04T07:51:09', N'in_progress', N'closed', 0, N'Sprawa zamknięta'),
    (299, 141, N'created', '2025-01-04T07:58:03', NULL, N'open', 0, N'Sprawa utworzona z kontaktu klienta'),
    (300, 141, N'resolved', '2025-01-04T08:49:03', N'in_progress', N'closed', 0, N'Sprawa zamknięta'),
    (301, 142, N'created', '2025-01-04T09:54:31', NULL, N'open', 0, N'Sprawa utworzona z kontaktu klienta'),
    (302, 142, N'resolved', '2025-01-04T11:13:31', N'in_progress', N'closed', 0, N'Sprawa zamknięta'),
    (303, 143, N'created', '2025-01-04T08:37:40', NULL, N'open', 0, N'Sprawa utworzona z kontaktu klienta'),
    (304, 143, N'resolved', '2025-01-04T10:04:40', N'in_progress', N'closed', 0, N'Sprawa zamknięta'),
    (305, 144, N'created', '2025-01-04T09:05:21', NULL, N'open', 0, N'Sprawa utworzona z kontaktu klienta'),
    (306, 144, N'escalated', '2025-01-04T09:32:21', N'in_progress', N'escalated', 0, N'Sprawa przekazana do 2nd line'),
    (307, 144, N'breached', '2025-01-05T09:06:21', N'in_progress', N'in_progress', 1, N'Przekroczono termin SLA'),
    (308, 144, N'resolved', '2025-01-06T11:08:21', N'escalated', N'closed', 1, N'Sprawa zamknięta'),
    (309, 145, N'created', '2025-01-04T09:45:02', NULL, N'open', 0, N'Sprawa utworzona z kontaktu klienta'),
    (310, 145, N'resolved', '2025-01-04T09:50:02', N'in_progress', N'closed', 0, N'Sprawa zamknięta'),
    (311, 146, N'created', '2025-01-04T10:43:08', NULL, N'open', 0, N'Sprawa utworzona z kontaktu klienta'),
    (312, 146, N'resolved', '2025-01-04T10:47:08', N'in_progress', N'closed', 0, N'Sprawa zamknięta'),
    (313, 147, N'created', '2025-01-04T11:36:28', NULL, N'open', 0, N'Sprawa utworzona z kontaktu klienta'),
    (314, 147, N'resolved', '2025-01-04T12:36:28', N'in_progress', N'closed', 0, N'Sprawa zamknięta'),
    (315, 148, N'created', '2025-01-04T11:31:11', NULL, N'open', 0, N'Sprawa utworzona z kontaktu klienta'),
    (316, 148, N'resolved', '2025-01-04T12:11:11', N'in_progress', N'closed', 0, N'Sprawa zamknięta'),
    (317, 149, N'created', '2025-01-04T12:02:44', NULL, N'open', 0, N'Sprawa utworzona z kontaktu klienta'),
    (318, 149, N'resolved', '2025-01-04T13:19:44', N'in_progress', N'closed', 0, N'Sprawa zamknięta'),
    (319, 150, N'created', '2025-01-04T12:31:47', NULL, N'open', 0, N'Sprawa utworzona z kontaktu klienta'),
    (320, 150, N'escalated', '2025-01-04T13:58:47', N'in_progress', N'escalated', 0, N'Sprawa przekazana do 2nd line'),
    (321, 150, N'breached', '2025-01-05T12:32:47', N'in_progress', N'in_progress', 1, N'Przekroczono termin SLA'),
    (322, 150, N'resolved', '2025-01-05T23:45:47', N'escalated', N'closed', 1, N'Sprawa zamknięta'),
    (323, 151, N'created', '2025-01-04T12:55:29', NULL, N'open', 0, N'Sprawa utworzona z kontaktu klienta'),
    (324, 151, N'resolved', '2025-01-04T13:48:29', N'in_progress', N'closed', 0, N'Sprawa zamknięta'),
    (325, 152, N'created', '2025-01-04T13:17:02', NULL, N'open', 0, N'Sprawa utworzona z kontaktu klienta'),
    (326, 152, N'resolved', '2025-01-04T13:20:02', N'in_progress', N'closed', 0, N'Sprawa zamknięta'),
    (327, 153, N'created', '2025-01-04T14:04:47', NULL, N'open', 0, N'Sprawa utworzona z kontaktu klienta'),
    (328, 153, N'resolved', '2025-01-04T15:20:47', N'in_progress', N'closed', 0, N'Sprawa zamknięta'),
    (329, 154, N'created', '2025-01-04T14:00:03', NULL, N'open', 0, N'Sprawa utworzona z kontaktu klienta'),
    (330, 154, N'resolved', '2025-01-04T14:57:03', N'in_progress', N'closed', 0, N'Sprawa zamknięta'),
    (331, 155, N'created', '2025-01-04T14:23:48', NULL, N'open', 0, N'Sprawa utworzona z kontaktu klienta'),
    (332, 155, N'resolved', '2025-01-04T15:31:48', N'in_progress', N'closed', 0, N'Sprawa zamknięta'),
    (333, 156, N'created', '2025-01-04T14:52:19', NULL, N'open', 0, N'Sprawa utworzona z kontaktu klienta'),
    (334, 156, N'resolved', '2025-01-04T16:00:19', N'in_progress', N'closed', 0, N'Sprawa zamknięta'),
    (335, 157, N'created', '2025-01-04T15:17:41', NULL, N'open', 0, N'Sprawa utworzona z kontaktu klienta'),
    (336, 157, N'resolved', '2025-01-04T16:17:41', N'in_progress', N'closed', 0, N'Sprawa zamknięta'),
    (337, 158, N'created', '2025-01-04T15:47:20', NULL, N'open', 0, N'Sprawa utworzona z kontaktu klienta'),
    (338, 158, N'resolved', '2025-01-04T16:23:20', N'in_progress', N'closed', 0, N'Sprawa zamknięta'),
    (339, 159, N'created', '2025-01-04T16:11:52', NULL, N'open', 0, N'Sprawa utworzona z kontaktu klienta'),
    (340, 159, N'resolved', '2025-01-04T17:15:52', N'in_progress', N'closed', 0, N'Sprawa zamknięta'),
    (341, 160, N'created', '2025-01-04T16:34:08', NULL, N'open', 0, N'Sprawa utworzona z kontaktu klienta'),
    (342, 160, N'resolved', '2025-01-04T16:37:08', N'in_progress', N'closed', 0, N'Sprawa zamknięta'),
    (343, 161, N'created', '2025-01-04T18:20:23', NULL, N'open', 0, N'Sprawa utworzona z kontaktu klienta'),
    (344, 161, N'resolved', '2025-01-04T19:33:23', N'in_progress', N'closed', 0, N'Sprawa zamknięta'),
    (345, 162, N'created', '2025-01-04T17:22:07', NULL, N'open', 0, N'Sprawa utworzona z kontaktu klienta'),
    (346, 162, N'resolved', '2025-01-04T17:29:07', N'in_progress', N'closed', 0, N'Sprawa zamknięta'),
    (347, 163, N'created', '2025-01-04T17:46:34', NULL, N'open', 0, N'Sprawa utworzona z kontaktu klienta'),
    (348, 163, N'resolved', '2025-01-04T18:41:34', N'in_progress', N'closed', 0, N'Sprawa zamknięta'),
    (349, 164, N'created', '2025-01-04T18:55:16', NULL, N'open', 0, N'Sprawa utworzona z kontaktu klienta'),
    (350, 164, N'resolved', '2025-01-04T19:58:16', N'in_progress', N'closed', 0, N'Sprawa zamknięta'),
    (351, 165, N'created', '2025-01-04T18:46:56', NULL, N'open', 0, N'Sprawa utworzona z kontaktu klienta'),
    (352, 165, N'resolved', '2025-01-04T19:05:56', N'in_progress', N'closed', 0, N'Sprawa zamknięta'),
    (353, 166, N'created', '2025-01-04T19:06:57', NULL, N'open', 0, N'Sprawa utworzona z kontaktu klienta'),
    (354, 166, N'resolved', '2025-01-04T19:53:57', N'in_progress', N'closed', 0, N'Sprawa zamknięta'),
    (355, 167, N'created', '2025-01-04T19:30:15', NULL, N'open', 0, N'Sprawa utworzona z kontaktu klienta'),
    (356, 167, N'resolved', '2025-01-04T20:00:15', N'in_progress', N'closed', 0, N'Sprawa zamknięta'),
    (357, 168, N'created', '2025-01-04T20:41:27', NULL, N'open', 0, N'Sprawa utworzona z kontaktu klienta'),
    (358, 168, N'resolved', '2025-01-04T21:26:27', N'in_progress', N'closed', 0, N'Sprawa zamknięta'),
    (359, 169, N'created', '2025-01-04T22:17:58', NULL, N'open', 0, N'Sprawa utworzona z kontaktu klienta'),
    (360, 169, N'escalated', '2025-01-04T23:48:58', N'in_progress', N'escalated', 0, N'Sprawa przekazana do 2nd line'),
    (361, 169, N'breached', '2025-01-05T22:18:58', N'in_progress', N'in_progress', 1, N'Przekroczono termin SLA'),
    (362, 169, N'resolved', '2025-01-06T06:44:58', N'escalated', N'closed', 1, N'Sprawa zamknięta'),
    (363, 170, N'created', '2025-01-04T22:45:17', NULL, N'open', 0, N'Sprawa utworzona z kontaktu klienta'),
    (364, 170, N'resolved', '2025-01-04T23:04:17', N'in_progress', N'closed', 0, N'Sprawa zamknięta'),
    (365, 171, N'created', '2025-01-04T23:39:35', NULL, N'open', 0, N'Sprawa utworzona z kontaktu klienta'),
    (366, 171, N'resolved', '2025-01-05T00:14:35', N'in_progress', N'closed', 0, N'Sprawa zamknięta'),
    (367, 172, N'created', '2025-01-05T00:08:29', NULL, N'open', 0, N'Sprawa utworzona z kontaktu klienta'),
    (368, 172, N'resolved', '2025-01-05T00:34:29', N'in_progress', N'closed', 0, N'Sprawa zamknięta'),
    (369, 173, N'created', '2025-01-05T00:29:04', NULL, N'open', 0, N'Sprawa utworzona z kontaktu klienta'),
    (370, 173, N'resolved', '2025-01-05T00:34:04', N'in_progress', N'closed', 0, N'Sprawa zamknięta'),
    (371, 174, N'created', '2025-01-05T01:47:47', NULL, N'open', 0, N'Sprawa utworzona z kontaktu klienta'),
    (372, 174, N'resolved', '2025-01-05T02:50:47', N'in_progress', N'closed', 0, N'Sprawa zamknięta'),
    (373, 175, N'created', '2025-01-05T03:20:47', NULL, N'open', 0, N'Sprawa utworzona z kontaktu klienta'),
    (374, 175, N'resolved', '2025-01-05T03:41:47', N'in_progress', N'closed', 0, N'Sprawa zamknięta'),
    (375, 176, N'created', '2025-01-05T02:35:52', NULL, N'open', 0, N'Sprawa utworzona z kontaktu klienta'),
    (376, 176, N'resolved', '2025-01-05T03:00:52', N'in_progress', N'closed', 0, N'Sprawa zamknięta'),
    (377, 177, N'created', '2025-01-05T03:28:30', NULL, N'open', 0, N'Sprawa utworzona z kontaktu klienta'),
    (378, 177, N'resolved', '2025-01-05T03:44:30', N'in_progress', N'closed', 0, N'Sprawa zamknięta'),
    (379, 178, N'created', '2025-01-05T03:46:51', NULL, N'open', 0, N'Sprawa utworzona z kontaktu klienta'),
    (380, 178, N'resolved', '2025-01-05T04:45:51', N'in_progress', N'closed', 0, N'Sprawa zamknięta'),
    (381, 179, N'created', '2025-01-05T04:07:03', NULL, N'open', 0, N'Sprawa utworzona z kontaktu klienta'),
    (382, 179, N'resolved', '2025-01-05T04:12:03', N'in_progress', N'closed', 0, N'Sprawa zamknięta'),
    (383, 180, N'created', '2025-01-05T04:34:07', NULL, N'open', 0, N'Sprawa utworzona z kontaktu klienta'),
    (384, 180, N'resolved', '2025-01-05T04:38:07', N'in_progress', N'closed', 0, N'Sprawa zamknięta'),
    (385, 181, N'created', '2025-01-05T05:08:06', NULL, N'open', 0, N'Sprawa utworzona z kontaktu klienta'),
    (386, 181, N'resolved', '2025-01-05T05:15:06', N'in_progress', N'closed', 0, N'Sprawa zamknięta'),
    (387, 182, N'created', '2025-01-05T05:28:17', NULL, N'open', 0, N'Sprawa utworzona z kontaktu klienta'),
    (388, 182, N'resolved', '2025-01-05T05:36:17', N'in_progress', N'closed', 0, N'Sprawa zamknięta'),
    (389, 183, N'created', '2025-01-05T05:56:36', NULL, N'open', 0, N'Sprawa utworzona z kontaktu klienta'),
    (390, 183, N'resolved', '2025-01-05T07:17:36', N'in_progress', N'closed', 0, N'Sprawa zamknięta'),
    (391, 184, N'created', '2025-01-05T06:12:52', NULL, N'open', 0, N'Sprawa utworzona z kontaktu klienta'),
    (392, 184, N'resolved', '2025-01-05T06:19:52', N'in_progress', N'closed', 0, N'Sprawa zamknięta'),
    (393, 185, N'created', '2025-01-05T06:46:45', NULL, N'open', 0, N'Sprawa utworzona z kontaktu klienta'),
    (394, 185, N'resolved', '2025-01-05T07:42:45', N'in_progress', N'closed', 0, N'Sprawa zamknięta'),
    (395, 186, N'created', '2025-01-05T07:05:28', NULL, N'open', 0, N'Sprawa utworzona z kontaktu klienta'),
    (396, 186, N'resolved', '2025-01-05T08:33:28', N'in_progress', N'closed', 0, N'Sprawa zamknięta'),
    (397, 187, N'created', '2025-01-05T07:41:08', NULL, N'open', 0, N'Sprawa utworzona z kontaktu klienta'),
    (398, 187, N'resolved', '2025-01-05T09:10:08', N'in_progress', N'closed', 0, N'Sprawa zamknięta'),
    (399, 188, N'created', '2025-01-05T07:53:12', NULL, N'open', 0, N'Sprawa utworzona z kontaktu klienta'),
    (400, 188, N'resolved', '2025-01-05T08:14:12', N'in_progress', N'closed', 0, N'Sprawa zamknięta');

INSERT INTO dbo.sla_events (sla_event_id, case_id, event_type, event_time, old_status, new_status, breached_flag, event_comment) VALUES
    (401, 189, N'created', '2025-01-05T08:44:20', NULL, N'open', 0, N'Sprawa utworzona z kontaktu klienta'),
    (402, 189, N'resolved', '2025-01-05T09:02:20', N'in_progress', N'closed', 0, N'Sprawa zamknięta'),
    (403, 190, N'created', '2025-01-05T10:02:18', NULL, N'open', 0, N'Sprawa utworzona z kontaktu klienta'),
    (404, 190, N'resolved', '2025-01-05T10:35:18', N'in_progress', N'closed', 0, N'Sprawa zamknięta'),
    (405, 191, N'created', '2025-01-05T09:46:30', NULL, N'open', 0, N'Sprawa utworzona z kontaktu klienta'),
    (406, 191, N'resolved', '2025-01-05T09:56:30', N'in_progress', N'closed', 0, N'Sprawa zamknięta'),
    (407, 192, N'created', '2025-01-05T10:11:53', NULL, N'open', 0, N'Sprawa utworzona z kontaktu klienta'),
    (408, 192, N'resolved', '2025-01-05T11:35:53', N'in_progress', N'closed', 0, N'Sprawa zamknięta'),
    (409, 193, N'created', '2025-01-05T10:33:46', NULL, N'open', 0, N'Sprawa utworzona z kontaktu klienta'),
    (410, 193, N'resolved', '2025-01-05T11:07:46', N'in_progress', N'closed', 0, N'Sprawa zamknięta'),
    (411, 194, N'created', '2025-01-05T10:46:05', NULL, N'open', 0, N'Sprawa utworzona z kontaktu klienta'),
    (412, 194, N'resolved', '2025-01-05T11:21:05', N'in_progress', N'closed', 0, N'Sprawa zamknięta'),
    (413, 195, N'created', '2025-01-05T11:46:05', NULL, N'open', 0, N'Sprawa utworzona z kontaktu klienta'),
    (414, 195, N'resolved', '2025-01-05T11:56:05', N'in_progress', N'closed', 0, N'Sprawa zamknięta'),
    (415, 196, N'created', '2025-01-05T12:08:14', NULL, N'open', 0, N'Sprawa utworzona z kontaktu klienta'),
    (416, 196, N'escalated', '2025-01-05T12:37:14', N'in_progress', N'escalated', 0, N'Sprawa przekazana do 2nd line'),
    (417, 196, N'resolved', '2025-01-06T00:20:14', N'escalated', N'closed', 0, N'Sprawa zamknięta'),
    (418, 197, N'created', '2025-01-05T12:32:32', NULL, N'open', 0, N'Sprawa utworzona z kontaktu klienta'),
    (419, 197, N'escalated', '2025-01-05T14:27:32', N'in_progress', N'escalated', 0, N'Sprawa przekazana do 2nd line'),
    (420, 197, N'resolved', '2025-01-06T03:37:32', N'escalated', N'closed', 0, N'Sprawa zamknięta'),
    (421, 198, N'created', '2025-01-05T13:54:06', NULL, N'open', 0, N'Sprawa utworzona z kontaktu klienta'),
    (422, 198, N'resolved', '2025-01-05T13:55:06', N'in_progress', N'closed', 0, N'Sprawa zamknięta'),
    (423, 199, N'created', '2025-01-05T14:15:03', NULL, N'open', 0, N'Sprawa utworzona z kontaktu klienta'),
    (424, 199, N'resolved', '2025-01-05T14:45:03', N'in_progress', N'closed', 0, N'Sprawa zamknięta'),
    (425, 200, N'created', '2025-01-05T16:00:12', NULL, N'open', 0, N'Sprawa utworzona z kontaktu klienta'),
    (426, 200, N'resolved', '2025-01-05T17:23:12', N'in_progress', N'closed', 0, N'Sprawa zamknięta'),
    (427, 201, N'created', '2025-01-05T15:29:05', NULL, N'open', 0, N'Sprawa utworzona z kontaktu klienta'),
    (428, 201, N'resolved', '2025-01-05T15:33:05', N'in_progress', N'closed', 0, N'Sprawa zamknięta'),
    (429, 202, N'created', '2025-01-05T16:17:28', NULL, N'open', 0, N'Sprawa utworzona z kontaktu klienta'),
    (430, 202, N'resolved', '2025-01-05T17:22:28', N'in_progress', N'closed', 0, N'Sprawa zamknięta'),
    (431, 203, N'created', '2025-01-05T17:37:20', NULL, N'open', 0, N'Sprawa utworzona z kontaktu klienta'),
    (432, 203, N'resolved', '2025-01-05T18:45:20', N'in_progress', N'closed', 0, N'Sprawa zamknięta'),
    (433, 204, N'created', '2025-01-05T18:42:31', NULL, N'open', 0, N'Sprawa utworzona z kontaktu klienta'),
    (434, 204, N'resolved', '2025-01-05T19:30:31', N'in_progress', N'closed', 0, N'Sprawa zamknięta'),
    (435, 205, N'created', '2025-01-05T19:42:45', NULL, N'open', 0, N'Sprawa utworzona z kontaktu klienta'),
    (436, 205, N'resolved', '2025-01-05T21:00:45', N'in_progress', N'closed', 0, N'Sprawa zamknięta'),
    (437, 206, N'created', '2025-01-05T19:59:25', NULL, N'open', 0, N'Sprawa utworzona z kontaktu klienta'),
    (438, 206, N'resolved', '2025-01-05T20:13:25', N'in_progress', N'closed', 0, N'Sprawa zamknięta'),
    (439, 207, N'created', '2025-01-05T20:32:43', NULL, N'open', 0, N'Sprawa utworzona z kontaktu klienta'),
    (440, 207, N'resolved', '2025-01-05T21:08:43', N'in_progress', N'closed', 0, N'Sprawa zamknięta'),
    (441, 208, N'created', '2025-01-05T21:49:24', NULL, N'open', 0, N'Sprawa utworzona z kontaktu klienta'),
    (442, 208, N'resolved', '2025-01-05T22:42:24', N'in_progress', N'closed', 0, N'Sprawa zamknięta'),
    (443, 209, N'created', '2025-01-05T21:27:26', NULL, N'open', 0, N'Sprawa utworzona z kontaktu klienta'),
    (444, 209, N'resolved', '2025-01-05T21:41:26', N'in_progress', N'closed', 0, N'Sprawa zamknięta'),
    (445, 210, N'created', '2025-01-05T23:17:38', NULL, N'open', 0, N'Sprawa utworzona z kontaktu klienta'),
    (446, 210, N'resolved', '2025-01-06T00:17:38', N'in_progress', N'closed', 0, N'Sprawa zamknięta'),
    (447, 211, N'created', '2025-01-05T22:07:11', NULL, N'open', 0, N'Sprawa utworzona z kontaktu klienta'),
    (448, 211, N'escalated', '2025-01-05T22:23:11', N'in_progress', N'escalated', 0, N'Sprawa przekazana do 2nd line'),
    (449, 211, N'resolved', '2025-01-07T07:43:11', N'escalated', N'closed', 0, N'Sprawa zamknięta'),
    (450, 212, N'created', '2025-01-05T22:26:42', NULL, N'open', 0, N'Sprawa utworzona z kontaktu klienta'),
    (451, 212, N'escalated', '2025-01-05T23:15:42', N'in_progress', N'escalated', 0, N'Sprawa przekazana do 2nd line'),
    (452, 212, N'breached', '2025-01-06T22:27:42', N'in_progress', N'in_progress', 1, N'Przekroczono termin SLA'),
    (453, 212, N'resolved', '2025-01-07T00:31:42', N'escalated', N'closed', 1, N'Sprawa zamknięta'),
    (454, 213, N'created', '2025-01-05T23:04:29', NULL, N'open', 0, N'Sprawa utworzona z kontaktu klienta'),
    (455, 213, N'resolved', '2025-01-05T23:56:29', N'in_progress', N'closed', 0, N'Sprawa zamknięta'),
    (456, 214, N'created', '2025-01-05T23:17:50', NULL, N'open', 0, N'Sprawa utworzona z kontaktu klienta'),
    (457, 214, N'resolved', '2025-01-06T00:47:50', N'in_progress', N'closed', 0, N'Sprawa zamknięta'),
    (458, 215, N'created', '2025-01-05T23:54:31', NULL, N'open', 0, N'Sprawa utworzona z kontaktu klienta'),
    (459, 215, N'resolved', '2025-01-06T00:59:31', N'in_progress', N'closed', 0, N'Sprawa zamknięta'),
    (460, 216, N'created', '2025-01-06T00:18:51', NULL, N'open', 0, N'Sprawa utworzona z kontaktu klienta'),
    (461, 216, N'resolved', '2025-01-06T01:20:51', N'in_progress', N'closed', 0, N'Sprawa zamknięta'),
    (462, 217, N'created', '2025-01-06T00:36:08', NULL, N'open', 0, N'Sprawa utworzona z kontaktu klienta'),
    (463, 217, N'resolved', '2025-01-06T00:39:08', N'in_progress', N'closed', 0, N'Sprawa zamknięta'),
    (464, 218, N'created', '2025-01-06T02:24:21', NULL, N'open', 0, N'Sprawa utworzona z kontaktu klienta'),
    (465, 218, N'resolved', '2025-01-06T03:35:21', N'in_progress', N'closed', 0, N'Sprawa zamknięta'),
    (466, 219, N'created', '2025-01-06T01:37:52', NULL, N'open', 0, N'Sprawa utworzona z kontaktu klienta'),
    (467, 219, N'resolved', '2025-01-06T01:54:52', N'in_progress', N'closed', 0, N'Sprawa zamknięta'),
    (468, 220, N'created', '2025-01-06T01:57:22', NULL, N'open', 0, N'Sprawa utworzona z kontaktu klienta'),
    (469, 220, N'resolved', '2025-01-06T02:20:22', N'in_progress', N'closed', 0, N'Sprawa zamknięta'),
    (470, 221, N'created', '2025-01-06T02:24:44', NULL, N'open', 0, N'Sprawa utworzona z kontaktu klienta'),
    (471, 221, N'resolved', '2025-01-06T03:07:44', N'in_progress', N'closed', 0, N'Sprawa zamknięta'),
    (472, 222, N'created', '2025-01-06T02:54:13', NULL, N'open', 0, N'Sprawa utworzona z kontaktu klienta'),
    (473, 222, N'resolved', '2025-01-06T04:21:13', N'in_progress', N'closed', 0, N'Sprawa zamknięta'),
    (474, 223, N'created', '2025-01-06T03:19:00', NULL, N'open', 0, N'Sprawa utworzona z kontaktu klienta'),
    (475, 223, N'resolved', '2025-01-06T03:44:00', N'in_progress', N'closed', 0, N'Sprawa zamknięta'),
    (476, 224, N'created', '2025-01-06T04:43:41', NULL, N'open', 0, N'Sprawa utworzona z kontaktu klienta'),
    (477, 224, N'resolved', '2025-01-06T05:03:41', N'in_progress', N'closed', 0, N'Sprawa zamknięta'),
    (478, 225, N'created', '2025-01-06T04:29:05', NULL, N'open', 0, N'Sprawa utworzona z kontaktu klienta'),
    (479, 225, N'resolved', '2025-01-06T04:45:05', N'in_progress', N'closed', 0, N'Sprawa zamknięta'),
    (480, 226, N'created', '2025-01-06T05:16:27', NULL, N'open', 0, N'Sprawa utworzona z kontaktu klienta'),
    (481, 226, N'escalated', '2025-01-06T06:57:27', N'in_progress', N'escalated', 0, N'Sprawa przekazana do 2nd line'),
    (482, 226, N'resolved', '2025-01-06T13:30:27', N'escalated', N'closed', 0, N'Sprawa zamknięta'),
    (483, 227, N'created', '2025-01-06T06:11:28', NULL, N'open', 0, N'Sprawa utworzona z kontaktu klienta'),
    (484, 227, N'resolved', '2025-01-06T07:32:28', N'in_progress', N'closed', 0, N'Sprawa zamknięta'),
    (485, 228, N'created', '2025-01-06T06:26:35', NULL, N'open', 0, N'Sprawa utworzona z kontaktu klienta'),
    (486, 228, N'resolved', '2025-01-06T07:01:35', N'in_progress', N'closed', 0, N'Sprawa zamknięta'),
    (487, 229, N'created', '2025-01-06T06:57:07', NULL, N'open', 0, N'Sprawa utworzona z kontaktu klienta'),
    (488, 229, N'resolved', '2025-01-06T07:02:07', N'in_progress', N'closed', 0, N'Sprawa zamknięta'),
    (489, 230, N'created', '2025-01-06T07:24:13', NULL, N'open', 0, N'Sprawa utworzona z kontaktu klienta'),
    (490, 230, N'resolved', '2025-01-06T08:50:13', N'in_progress', N'closed', 0, N'Sprawa zamknięta'),
    (491, 231, N'created', '2025-01-06T07:48:34', NULL, N'open', 0, N'Sprawa utworzona z kontaktu klienta'),
    (492, 231, N'resolved', '2025-01-06T09:04:34', N'in_progress', N'closed', 0, N'Sprawa zamknięta'),
    (493, 232, N'created', '2025-01-06T08:12:40', NULL, N'open', 0, N'Sprawa utworzona z kontaktu klienta'),
    (494, 232, N'resolved', '2025-01-06T09:16:40', N'in_progress', N'closed', 0, N'Sprawa zamknięta'),
    (495, 233, N'created', '2025-01-06T08:29:07', NULL, N'open', 0, N'Sprawa utworzona z kontaktu klienta'),
    (496, 233, N'resolved', '2025-01-06T08:53:07', N'in_progress', N'closed', 0, N'Sprawa zamknięta'),
    (497, 234, N'created', '2025-01-06T09:01:58', NULL, N'open', 0, N'Sprawa utworzona z kontaktu klienta'),
    (498, 234, N'resolved', '2025-01-06T09:46:58', N'in_progress', N'closed', 0, N'Sprawa zamknięta'),
    (499, 235, N'created', '2025-01-06T10:39:11', NULL, N'open', 0, N'Sprawa utworzona z kontaktu klienta'),
    (500, 235, N'resolved', '2025-01-06T10:45:11', N'in_progress', N'closed', 0, N'Sprawa zamknięta'),
    (501, 236, N'created', '2025-01-06T11:28:23', NULL, N'open', 0, N'Sprawa utworzona z kontaktu klienta'),
    (502, 236, N'resolved', '2025-01-06T11:54:23', N'in_progress', N'closed', 0, N'Sprawa zamknięta'),
    (503, 237, N'created', '2025-01-06T11:50:01', NULL, N'open', 0, N'Sprawa utworzona z kontaktu klienta'),
    (504, 237, N'resolved', '2025-01-06T11:57:01', N'in_progress', N'closed', 0, N'Sprawa zamknięta'),
    (505, 238, N'created', '2025-01-06T12:41:07', NULL, N'open', 0, N'Sprawa utworzona z kontaktu klienta'),
    (506, 238, N'resolved', '2025-01-06T12:48:07', N'in_progress', N'closed', 0, N'Sprawa zamknięta'),
    (507, 239, N'created', '2025-01-06T13:05:00', NULL, N'open', 0, N'Sprawa utworzona z kontaktu klienta'),
    (508, 239, N'resolved', '2025-01-06T14:02:00', N'in_progress', N'closed', 0, N'Sprawa zamknięta'),
    (509, 240, N'created', '2025-01-06T13:58:37', NULL, N'open', 0, N'Sprawa utworzona z kontaktu klienta'),
    (510, 240, N'resolved', '2025-01-06T14:36:37', N'in_progress', N'closed', 0, N'Sprawa zamknięta'),
    (511, 241, N'created', '2025-01-06T15:18:54', NULL, N'open', 0, N'Sprawa utworzona z kontaktu klienta'),
    (512, 241, N'resolved', '2025-01-06T15:28:54', N'in_progress', N'closed', 0, N'Sprawa zamknięta'),
    (513, 242, N'created', '2025-01-06T15:36:33', NULL, N'open', 0, N'Sprawa utworzona z kontaktu klienta'),
    (514, 242, N'resolved', '2025-01-06T16:56:33', N'in_progress', N'closed', 0, N'Sprawa zamknięta'),
    (515, 243, N'created', '2025-01-06T16:14:00', NULL, N'open', 0, N'Sprawa utworzona z kontaktu klienta'),
    (516, 243, N'resolved', '2025-01-06T17:15:00', N'in_progress', N'closed', 0, N'Sprawa zamknięta'),
    (517, 244, N'created', '2025-01-06T16:32:32', NULL, N'open', 0, N'Sprawa utworzona z kontaktu klienta'),
    (518, 244, N'resolved', '2025-01-06T18:02:32', N'in_progress', N'closed', 0, N'Sprawa zamknięta'),
    (519, 245, N'created', '2025-01-06T16:49:49', NULL, N'open', 0, N'Sprawa utworzona z kontaktu klienta'),
    (520, 245, N'resolved', '2025-01-06T17:14:49', N'in_progress', N'closed', 0, N'Sprawa zamknięta'),
    (521, 246, N'created', '2025-01-06T18:08:13', NULL, N'open', 0, N'Sprawa utworzona z kontaktu klienta'),
    (522, 246, N'resolved', '2025-01-06T19:04:13', N'in_progress', N'closed', 0, N'Sprawa zamknięta'),
    (523, 247, N'created', '2025-01-06T18:17:30', NULL, N'open', 0, N'Sprawa utworzona z kontaktu klienta'),
    (524, 247, N'resolved', '2025-01-06T19:33:30', N'in_progress', N'closed', 0, N'Sprawa zamknięta'),
    (525, 248, N'created', '2025-01-06T18:42:48', NULL, N'open', 0, N'Sprawa utworzona z kontaktu klienta'),
    (526, 248, N'resolved', '2025-01-06T19:33:48', N'in_progress', N'closed', 0, N'Sprawa zamknięta'),
    (527, 249, N'created', '2025-01-06T18:55:25', NULL, N'open', 0, N'Sprawa utworzona z kontaktu klienta'),
    (528, 249, N'resolved', '2025-01-06T19:05:25', N'in_progress', N'closed', 0, N'Sprawa zamknięta'),
    (529, 250, N'created', '2025-01-06T19:52:03', NULL, N'open', 0, N'Sprawa utworzona z kontaktu klienta'),
    (530, 250, N'resolved', '2025-01-06T20:02:03', N'in_progress', N'closed', 0, N'Sprawa zamknięta'),
    (531, 251, N'created', '2025-01-06T20:23:05', NULL, N'open', 0, N'Sprawa utworzona z kontaktu klienta'),
    (532, 251, N'resolved', '2025-01-06T20:50:05', N'in_progress', N'closed', 0, N'Sprawa zamknięta'),
    (533, 252, N'created', '2025-01-06T20:39:11', NULL, N'open', 0, N'Sprawa utworzona z kontaktu klienta'),
    (534, 252, N'resolved', '2025-01-06T22:01:11', N'in_progress', N'closed', 0, N'Sprawa zamknięta'),
    (535, 253, N'created', '2025-01-06T21:07:04', NULL, N'open', 0, N'Sprawa utworzona z kontaktu klienta'),
    (536, 253, N'resolved', '2025-01-06T21:16:04', N'in_progress', N'closed', 0, N'Sprawa zamknięta'),
    (537, 254, N'created', '2025-01-06T21:29:56', NULL, N'open', 0, N'Sprawa utworzona z kontaktu klienta'),
    (538, 254, N'resolved', '2025-01-06T22:57:56', N'in_progress', N'closed', 0, N'Sprawa zamknięta'),
    (539, 255, N'created', '2025-01-06T21:58:57', NULL, N'open', 0, N'Sprawa utworzona z kontaktu klienta'),
    (540, 255, N'resolved', '2025-01-06T22:57:57', N'in_progress', N'closed', 0, N'Sprawa zamknięta'),
    (541, 256, N'created', '2025-01-06T22:13:02', NULL, N'open', 0, N'Sprawa utworzona z kontaktu klienta'),
    (542, 256, N'resolved', '2025-01-06T22:18:02', N'in_progress', N'closed', 0, N'Sprawa zamknięta'),
    (543, 257, N'created', '2025-01-06T22:36:07', NULL, N'open', 0, N'Sprawa utworzona z kontaktu klienta'),
    (544, 257, N'resolved', '2025-01-06T22:45:07', N'in_progress', N'closed', 0, N'Sprawa zamknięta'),
    (545, 258, N'created', '2025-01-06T23:15:20', NULL, N'open', 0, N'Sprawa utworzona z kontaktu klienta'),
    (546, 258, N'resolved', '2025-01-07T00:00:20', N'in_progress', N'closed', 0, N'Sprawa zamknięta'),
    (547, 259, N'created', '2025-01-06T23:37:43', NULL, N'open', 0, N'Sprawa utworzona z kontaktu klienta'),
    (548, 259, N'resolved', '2025-01-07T00:04:43', N'in_progress', N'closed', 0, N'Sprawa zamknięta'),
    (549, 260, N'created', '2025-01-07T00:40:36', NULL, N'open', 0, N'Sprawa utworzona z kontaktu klienta'),
    (550, 260, N'resolved', '2025-01-07T01:44:36', N'in_progress', N'closed', 0, N'Sprawa zamknięta'),
    (551, 261, N'created', '2025-01-07T00:23:07', NULL, N'open', 0, N'Sprawa utworzona z kontaktu klienta'),
    (552, 261, N'resolved', '2025-01-07T01:08:07', N'in_progress', N'closed', 0, N'Sprawa zamknięta'),
    (553, 262, N'created', '2025-01-07T00:45:16', NULL, N'open', 0, N'Sprawa utworzona z kontaktu klienta'),
    (554, 262, N'resolved', '2025-01-07T01:27:16', N'in_progress', N'closed', 0, N'Sprawa zamknięta'),
    (555, 263, N'created', '2025-01-07T01:44:47', NULL, N'open', 0, N'Sprawa utworzona z kontaktu klienta'),
    (556, 263, N'resolved', '2025-01-07T02:54:47', N'in_progress', N'closed', 0, N'Sprawa zamknięta'),
    (557, 264, N'created', '2025-01-07T02:01:07', NULL, N'open', 0, N'Sprawa utworzona z kontaktu klienta'),
    (558, 264, N'resolved', '2025-01-07T02:33:07', N'in_progress', N'closed', 0, N'Sprawa zamknięta'),
    (559, 265, N'created', '2025-01-07T02:27:31', NULL, N'open', 0, N'Sprawa utworzona z kontaktu klienta'),
    (560, 265, N'resolved', '2025-01-07T02:51:31', N'in_progress', N'closed', 0, N'Sprawa zamknięta'),
    (561, 266, N'created', '2025-01-07T02:56:06', NULL, N'open', 0, N'Sprawa utworzona z kontaktu klienta'),
    (562, 266, N'resolved', '2025-01-07T03:53:06', N'in_progress', N'closed', 0, N'Sprawa zamknięta'),
    (563, 267, N'created', '2025-01-07T03:22:05', NULL, N'open', 0, N'Sprawa utworzona z kontaktu klienta'),
    (564, 267, N'resolved', '2025-01-07T03:32:05', N'in_progress', N'closed', 0, N'Sprawa zamknięta'),
    (565, 268, N'created', '2025-01-07T04:40:47', NULL, N'open', 0, N'Sprawa utworzona z kontaktu klienta'),
    (566, 268, N'resolved', '2025-01-07T04:48:47', N'in_progress', N'closed', 0, N'Sprawa zamknięta'),
    (567, 269, N'created', '2025-01-07T04:11:21', NULL, N'open', 0, N'Sprawa utworzona z kontaktu klienta'),
    (568, 269, N'resolved', '2025-01-07T04:17:21', N'in_progress', N'closed', 0, N'Sprawa zamknięta'),
    (569, 270, N'created', '2025-01-07T04:26:02', NULL, N'open', 0, N'Sprawa utworzona z kontaktu klienta'),
    (570, 270, N'resolved', '2025-01-07T04:32:02', N'in_progress', N'closed', 0, N'Sprawa zamknięta'),
    (571, 271, N'created', '2025-01-07T05:16:08', NULL, N'open', 0, N'Sprawa utworzona z kontaktu klienta'),
    (572, 271, N'resolved', '2025-01-07T05:20:08', N'in_progress', N'closed', 0, N'Sprawa zamknięta'),
    (573, 272, N'created', '2025-01-07T05:51:03', NULL, N'open', 0, N'Sprawa utworzona z kontaktu klienta'),
    (574, 272, N'resolved', '2025-01-07T05:59:03', N'in_progress', N'closed', 0, N'Sprawa zamknięta'),
    (575, 273, N'created', '2025-01-07T06:15:44', NULL, N'open', 0, N'Sprawa utworzona z kontaktu klienta'),
    (576, 273, N'resolved', '2025-01-07T06:48:44', N'in_progress', N'closed', 0, N'Sprawa zamknięta'),
    (577, 274, N'created', '2025-01-07T08:07:24', NULL, N'open', 0, N'Sprawa utworzona z kontaktu klienta'),
    (578, 274, N'resolved', '2025-01-07T08:47:24', N'in_progress', N'closed', 0, N'Sprawa zamknięta'),
    (579, 275, N'created', '2025-01-07T07:01:04', NULL, N'open', 0, N'Sprawa utworzona z kontaktu klienta'),
    (580, 275, N'resolved', '2025-01-07T07:11:04', N'in_progress', N'closed', 0, N'Sprawa zamknięta'),
    (581, 276, N'created', '2025-01-07T07:30:34', NULL, N'open', 0, N'Sprawa utworzona z kontaktu klienta'),
    (582, 276, N'escalated', '2025-01-07T08:39:34', N'in_progress', N'escalated', 0, N'Sprawa przekazana do 2nd line'),
    (583, 276, N'breached', '2025-01-08T07:31:34', N'in_progress', N'in_progress', 1, N'Przekroczono termin SLA'),
    (584, 276, N'resolved', '2025-01-09T05:16:34', N'escalated', N'closed', 1, N'Sprawa zamknięta'),
    (585, 277, N'created', '2025-01-07T08:40:59', NULL, N'open', 0, N'Sprawa utworzona z kontaktu klienta'),
    (586, 277, N'escalated', '2025-01-07T09:50:59', N'in_progress', N'escalated', 0, N'Sprawa przekazana do 2nd line'),
    (587, 277, N'resolved', '2025-01-08T06:13:59', N'escalated', N'closed', 0, N'Sprawa zamknięta'),
    (588, 278, N'created', '2025-01-07T09:17:24', NULL, N'open', 0, N'Sprawa utworzona z kontaktu klienta'),
    (589, 278, N'resolved', '2025-01-07T09:55:24', N'in_progress', N'closed', 0, N'Sprawa zamknięta'),
    (590, 279, N'created', '2025-01-07T09:40:00', NULL, N'open', 0, N'Sprawa utworzona z kontaktu klienta'),
    (591, 279, N'resolved', '2025-01-07T10:29:00', N'in_progress', N'closed', 0, N'Sprawa zamknięta'),
    (592, 280, N'created', '2025-01-07T10:24:27', NULL, N'open', 0, N'Sprawa utworzona z kontaktu klienta'),
    (593, 280, N'resolved', '2025-01-07T10:43:27', N'in_progress', N'closed', 0, N'Sprawa zamknięta'),
    (594, 281, N'created', '2025-01-07T10:57:08', NULL, N'open', 0, N'Sprawa utworzona z kontaktu klienta'),
    (595, 281, N'resolved', '2025-01-07T12:17:08', N'in_progress', N'closed', 0, N'Sprawa zamknięta'),
    (596, 282, N'created', '2025-01-07T11:11:04', NULL, N'open', 0, N'Sprawa utworzona z kontaktu klienta'),
    (597, 282, N'resolved', '2025-01-07T12:28:04', N'in_progress', N'closed', 0, N'Sprawa zamknięta'),
    (598, 283, N'created', '2025-01-07T12:30:05', NULL, N'open', 0, N'Sprawa utworzona z kontaktu klienta'),
    (599, 283, N'resolved', '2025-01-07T12:39:05', N'in_progress', N'closed', 0, N'Sprawa zamknięta'),
    (600, 284, N'created', '2025-01-07T12:53:37', NULL, N'open', 0, N'Sprawa utworzona z kontaktu klienta');

INSERT INTO dbo.sla_events (sla_event_id, case_id, event_type, event_time, old_status, new_status, breached_flag, event_comment) VALUES
    (601, 284, N'resolved', '2025-01-07T14:15:37', N'in_progress', N'closed', 0, N'Sprawa zamknięta'),
    (602, 285, N'created', '2025-01-07T13:25:32', NULL, N'open', 0, N'Sprawa utworzona z kontaktu klienta'),
    (603, 285, N'resolved', '2025-01-07T14:43:32', N'in_progress', N'closed', 0, N'Sprawa zamknięta'),
    (604, 286, N'created', '2025-01-07T14:47:09', NULL, N'open', 0, N'Sprawa utworzona z kontaktu klienta'),
    (605, 286, N'resolved', '2025-01-07T15:58:09', N'in_progress', N'closed', 0, N'Sprawa zamknięta'),
    (606, 287, N'created', '2025-01-07T14:36:28', NULL, N'open', 0, N'Sprawa utworzona z kontaktu klienta'),
    (607, 287, N'resolved', '2025-01-07T15:52:28', N'in_progress', N'closed', 0, N'Sprawa zamknięta'),
    (608, 288, N'created', '2025-01-07T15:05:50', NULL, N'open', 0, N'Sprawa utworzona z kontaktu klienta'),
    (609, 288, N'resolved', '2025-01-07T16:07:50', N'in_progress', N'closed', 0, N'Sprawa zamknięta'),
    (610, 289, N'created', '2025-01-07T15:25:32', NULL, N'open', 0, N'Sprawa utworzona z kontaktu klienta'),
    (611, 289, N'resolved', '2025-01-07T15:30:32', N'in_progress', N'closed', 0, N'Sprawa zamknięta'),
    (612, 290, N'created', '2025-01-07T16:10:03', NULL, N'open', 0, N'Sprawa utworzona z kontaktu klienta'),
    (613, 290, N'resolved', '2025-01-07T16:37:03', N'in_progress', N'closed', 0, N'Sprawa zamknięta'),
    (614, 291, N'created', '2025-01-07T16:33:56', NULL, N'open', 0, N'Sprawa utworzona z kontaktu klienta'),
    (615, 291, N'resolved', '2025-01-07T18:01:56', N'in_progress', N'closed', 0, N'Sprawa zamknięta'),
    (616, 292, N'created', '2025-01-07T18:10:37', NULL, N'open', 0, N'Sprawa utworzona z kontaktu klienta'),
    (617, 292, N'resolved', '2025-01-07T19:26:37', N'in_progress', N'closed', 0, N'Sprawa zamknięta'),
    (618, 293, N'created', '2025-01-07T17:51:01', NULL, N'open', 0, N'Sprawa utworzona z kontaktu klienta'),
    (619, 293, N'resolved', '2025-01-07T19:09:01', N'in_progress', N'closed', 0, N'Sprawa zamknięta'),
    (620, 294, N'created', '2025-01-07T18:28:35', NULL, N'open', 0, N'Sprawa utworzona z kontaktu klienta'),
    (621, 294, N'resolved', '2025-01-07T19:06:35', N'in_progress', N'closed', 0, N'Sprawa zamknięta'),
    (622, 295, N'created', '2025-01-07T19:12:47', NULL, N'open', 0, N'Sprawa utworzona z kontaktu klienta'),
    (623, 295, N'resolved', '2025-01-07T20:00:47', N'in_progress', N'closed', 0, N'Sprawa zamknięta'),
    (624, 296, N'created', '2025-01-07T19:10:22', NULL, N'open', 0, N'Sprawa utworzona z kontaktu klienta'),
    (625, 296, N'resolved', '2025-01-07T19:48:22', N'in_progress', N'closed', 0, N'Sprawa zamknięta'),
    (626, 297, N'created', '2025-01-07T19:36:09', NULL, N'open', 0, N'Sprawa utworzona z kontaktu klienta'),
    (627, 297, N'resolved', '2025-01-07T21:05:09', N'in_progress', N'closed', 0, N'Sprawa zamknięta'),
    (628, 298, N'created', '2025-01-07T21:29:10', NULL, N'open', 0, N'Sprawa utworzona z kontaktu klienta'),
    (629, 298, N'resolved', '2025-01-07T22:39:10', N'in_progress', N'closed', 0, N'Sprawa zamknięta'),
    (630, 299, N'created', '2025-01-07T20:49:40', NULL, N'open', 0, N'Sprawa utworzona z kontaktu klienta'),
    (631, 299, N'resolved', '2025-01-07T21:52:40', N'in_progress', N'closed', 0, N'Sprawa zamknięta'),
    (632, 300, N'created', '2025-01-07T21:52:20', NULL, N'open', 0, N'Sprawa utworzona z kontaktu klienta'),
    (633, 300, N'resolved', '2025-01-07T22:27:20', N'in_progress', N'closed', 0, N'Sprawa zamknięta'),
    (634, 301, N'created', '2025-01-07T22:35:17', NULL, N'open', 0, N'Sprawa utworzona z kontaktu klienta'),
    (635, 301, N'resolved', '2025-01-07T22:56:17', N'in_progress', N'closed', 0, N'Sprawa zamknięta'),
    (636, 302, N'created', '2025-01-07T21:34:53', NULL, N'open', 0, N'Sprawa utworzona z kontaktu klienta'),
    (637, 302, N'resolved', '2025-01-07T21:56:53', N'in_progress', N'closed', 0, N'Sprawa zamknięta'),
    (638, 303, N'created', '2025-01-07T22:10:04', NULL, N'open', 0, N'Sprawa utworzona z kontaktu klienta'),
    (639, 303, N'resolved', '2025-01-07T22:11:04', N'in_progress', N'closed', 0, N'Sprawa zamknięta'),
    (640, 304, N'created', '2025-01-07T22:54:31', NULL, N'open', 0, N'Sprawa utworzona z kontaktu klienta'),
    (641, 304, N'resolved', '2025-01-07T23:35:31', N'in_progress', N'closed', 0, N'Sprawa zamknięta'),
    (642, 305, N'created', '2025-01-08T00:18:40', NULL, N'open', 0, N'Sprawa utworzona z kontaktu klienta'),
    (643, 305, N'resolved', '2025-01-08T01:41:40', N'in_progress', N'closed', 0, N'Sprawa zamknięta'),
    (644, 306, N'created', '2025-01-08T00:37:06', NULL, N'open', 0, N'Sprawa utworzona z kontaktu klienta'),
    (645, 306, N'resolved', '2025-01-08T01:57:06', N'in_progress', N'closed', 0, N'Sprawa zamknięta'),
    (646, 307, N'created', '2025-01-08T00:08:39', NULL, N'open', 0, N'Sprawa utworzona z kontaktu klienta'),
    (647, 307, N'resolved', '2025-01-08T00:25:39', N'in_progress', N'closed', 0, N'Sprawa zamknięta'),
    (648, 308, N'created', '2025-01-08T00:41:13', NULL, N'open', 0, N'Sprawa utworzona z kontaktu klienta'),
    (649, 308, N'resolved', '2025-01-08T00:56:13', N'in_progress', N'closed', 0, N'Sprawa zamknięta'),
    (650, 309, N'created', '2025-01-08T00:57:03', NULL, N'open', 0, N'Sprawa utworzona z kontaktu klienta'),
    (651, 309, N'resolved', '2025-01-08T01:03:03', N'in_progress', N'closed', 0, N'Sprawa zamknięta'),
    (652, 310, N'created', '2025-01-08T01:30:05', NULL, N'open', 0, N'Sprawa utworzona z kontaktu klienta'),
    (653, 310, N'resolved', '2025-01-08T01:40:05', N'in_progress', N'closed', 0, N'Sprawa zamknięta'),
    (654, 311, N'created', '2025-01-08T01:49:04', NULL, N'open', 0, N'Sprawa utworzona z kontaktu klienta'),
    (655, 311, N'resolved', '2025-01-08T01:54:04', N'in_progress', N'closed', 0, N'Sprawa zamknięta'),
    (656, 312, N'created', '2025-01-08T02:33:13', NULL, N'open', 0, N'Sprawa utworzona z kontaktu klienta'),
    (657, 312, N'resolved', '2025-01-08T03:28:13', N'in_progress', N'closed', 0, N'Sprawa zamknięta'),
    (658, 313, N'created', '2025-01-08T04:44:40', NULL, N'open', 0, N'Sprawa utworzona z kontaktu klienta'),
    (659, 313, N'resolved', '2025-01-08T05:23:40', N'in_progress', N'closed', 0, N'Sprawa zamknięta'),
    (660, 314, N'created', '2025-01-08T03:46:52', NULL, N'open', 0, N'Sprawa utworzona z kontaktu klienta'),
    (661, 314, N'resolved', '2025-01-08T03:52:52', N'in_progress', N'closed', 0, N'Sprawa zamknięta'),
    (662, 315, N'created', '2025-01-08T05:23:28', NULL, N'open', 0, N'Sprawa utworzona z kontaktu klienta'),
    (663, 315, N'resolved', '2025-01-08T05:46:28', N'in_progress', N'closed', 0, N'Sprawa zamknięta'),
    (664, 316, N'created', '2025-01-08T04:52:15', NULL, N'open', 0, N'Sprawa utworzona z kontaktu klienta'),
    (665, 316, N'resolved', '2025-01-08T05:12:15', N'in_progress', N'closed', 0, N'Sprawa zamknięta'),
    (666, 317, N'created', '2025-01-08T05:17:32', NULL, N'open', 0, N'Sprawa utworzona z kontaktu klienta'),
    (667, 317, N'resolved', '2025-01-08T06:03:32', N'in_progress', N'closed', 0, N'Sprawa zamknięta'),
    (668, 318, N'created', '2025-01-08T05:56:02', NULL, N'open', 0, N'Sprawa utworzona z kontaktu klienta'),
    (669, 318, N'resolved', '2025-01-08T06:03:02', N'in_progress', N'closed', 0, N'Sprawa zamknięta'),
    (670, 319, N'created', '2025-01-08T06:59:14', NULL, N'open', 0, N'Sprawa utworzona z kontaktu klienta'),
    (671, 319, N'resolved', '2025-01-08T08:24:14', N'in_progress', N'closed', 0, N'Sprawa zamknięta'),
    (672, 320, N'created', '2025-01-08T06:51:07', NULL, N'open', 0, N'Sprawa utworzona z kontaktu klienta'),
    (673, 320, N'resolved', '2025-01-08T07:00:07', N'in_progress', N'closed', 0, N'Sprawa zamknięta');


GO


SELECT 'customers' AS table_name, COUNT(*) AS row_count FROM dbo.customers
UNION ALL SELECT 'agents', COUNT(*) FROM dbo.agents
UNION ALL SELECT 'calls', COUNT(*) FROM dbo.calls
UNION ALL SELECT 'cases', COUNT(*) FROM dbo.cases
UNION ALL SELECT 'contacts', COUNT(*) FROM dbo.contacts
UNION ALL SELECT 'callbacks', COUNT(*) FROM dbo.callbacks
UNION ALL SELECT 'sla_events', COUNT(*) FROM dbo.sla_events;
GO
